[2025-11-25 17:24:16] [IP: ::1] [Session: b979860f5650c1860bd1ad42835c0c76] [User ID: 1234567] SESSION CHECK - Valid session
[2025-11-25 17:24:16] [IP: ::1] [Session: b979860f5650c1860bd1ad42835c0c76] [User ID: 1234567] SESSION CHECK - Valid session
[2025-11-25 17:25:03] [IP: ::1] [Session: b979860f5650c1860bd1ad42835c0c76] [User ID: 1234567] SESSION CHECK - Valid session
[2025-11-25 17:25:03] [IP: ::1] [Session: b979860f5650c1860bd1ad42835c0c76] [User ID: 1234567] SESSION CHECK - Valid session
[2025-11-25 17:25:07] [IP: ::1] [Session: b979860f5650c1860bd1ad42835c0c76] [User ID: 1234567] SESSION CHECK - Valid session
[2025-11-25 17:25:07] [IP: ::1] [Session: b979860f5650c1860bd1ad42835c0c76] [User ID: 1234567] SESSION CHECK - Valid session
[2025-11-25 17:25:18] [IP: ::1] [Session: b979860f5650c1860bd1ad42835c0c76] [User ID: 1234567] SESSION CHECK - Valid session
[2025-11-25 17:25:18] [IP: ::1] [Session: b979860f5650c1860bd1ad42835c0c76] [User ID: 1234567] SESSION CHECK - Valid session
[2025-11-25 17:25:24] [IP: ::1] [Session: b979860f5650c1860bd1ad42835c0c76] [User ID: 1234567] SESSION CHECK - Valid session
[2025-11-25 17:25:25] [IP: ::1] [Session: b979860f5650c1860bd1ad42835c0c76] [User ID: 1234567] SESSION CHECK - Valid session
[2025-11-25 17:26:36] [IP: ::1] [Session: b979860f5650c1860bd1ad42835c0c76] [User ID: 1234567] SESSION CHECK - Valid session
[2025-11-25 17:26:37] [IP: ::1] [Session: b979860f5650c1860bd1ad42835c0c76] [User ID: 1234567] SESSION CHECK - Valid session
[2025-11-25 17:26:43] [IP: ::1] [Session: b979860f5650c1860bd1ad42835c0c76] [User ID: 1234567] SESSION CHECK - Valid session
[2025-11-25 17:26:43] [IP: ::1] [Session: b979860f5650c1860bd1ad42835c0c76] [User ID: 1234567] SESSION CHECK - Valid session
[2025-11-25 17:27:02] [IP: ::1] [Session: b4d4e3acf83ab4a9b13241613842a60f] [User ID: 4355295] SESSION CHECK - Valid session
[2025-11-25 17:27:29] [IP: ::1] [Session: b4d4e3acf83ab4a9b13241613842a60f] [User ID: 4355295] SESSION CHECK - Valid session
[2025-11-25 17:31:09] [IP: ::1] [Session: b4d4e3acf83ab4a9b13241613842a60f] [User ID: 4355295] SESSION CHECK - Valid session
[2025-11-25 17:31:09] [IP: ::1] [Session: b4d4e3acf83ab4a9b13241613842a60f] [User ID: 4355295] SESSION CHECK - Valid session
[2025-11-25 17:32:38] [IP: ::1] [Session: b4d4e3acf83ab4a9b13241613842a60f] [User ID: 4355295] SESSION CHECK - Valid session
[2025-11-25 17:32:38] [IP: ::1] [Session: b4d4e3acf83ab4a9b13241613842a60f] [User ID: 4355295] SESSION CHECK - Valid session
[2025-11-25 17:32:52] [IP: ::1] [Session: 91e0e7b86b5735fef5307d8849f21997] SESSION CHECK - No active session
[2025-11-25 17:32:53] [IP: ::1] [Session: 91e0e7b86b5735fef5307d8849f21997] SESSION CHECK - No active session
[2025-11-25 17:32:55] [IP: ::1] [Session: 6c98b5b12d0fd5a8384a2299da907b97] [User ID: 4355295] SESSION CHECK - Valid session
[2025-11-25 17:33:05] [IP: ::1] [Session: 6c98b5b12d0fd5a8384a2299da907b97] [User ID: 4355295] SESSION CHECK - Valid session
[2025-11-25 17:33:05] [IP: ::1] [Session: 6c98b5b12d0fd5a8384a2299da907b97] [User ID: 4355295] SESSION CHECK - Valid session
[2025-11-25 17:33:21] [IP: ::1] [Session: 28b391fa0d2f152893843e840bd55530] [User ID: 1234567] SESSION CHECK - Valid session
[2025-11-25 17:35:32] [IP: ::1] [Session: 28b391fa0d2f152893843e840bd55530] [User ID: 1234567] SESSION CHECK - Valid session
[2025-11-25 17:35:32] [IP: ::1] [Session: 28b391fa0d2f152893843e840bd55530] [User ID: 1234567] SESSION CHECK - Valid session
[2025-11-25 17:35:35] [IP: ::1] [Session: 28b391fa0d2f152893843e840bd55530] [User ID: 1234567] SESSION CHECK - Valid session
[2025-11-25 17:35:35] [IP: ::1] [Session: 28b391fa0d2f152893843e840bd55530] [User ID: 1234567] SESSION CHECK - Valid session
[2025-11-25 17:37:49] [IP: ::1] [Session: c3379f42e3a1110f3902f50205c40157] SESSION CHECK - No active session
[2025-11-25 17:37:49] [IP: ::1] [Session: f3f295bb96f305da98fbcb379a5c300d] SESSION CHECK - No active session
[2025-11-25 17:37:50] [IP: ::1] [Session: f3f295bb96f305da98fbcb379a5c300d] SESSION CHECK - No active session
[2025-11-25 17:38:02] [IP: ::1] [Session: 23e0613be30d3fe0c612ceb48f8d5a51] [User ID: 4355295] SESSION CHECK - Valid session
[2025-11-25 17:39:41] [IP: ::1] [Session: 7a870f4ad626bee0f591bc02cfd97421] SESSION CHECK - No active session
[2025-11-25 17:39:41] [IP: ::1] [Session: 33e992e02d1c219c153e2b34bf0fc825] SESSION CHECK - No active session
[2025-11-25 17:39:49] [IP: ::1] [Session: ba794a59ba3d6ceb90561e3d24621895] [User ID: 4355295] SESSION CHECK - Valid session
[2025-11-25 17:39:54] [IP: ::1] [Session: ba794a59ba3d6ceb90561e3d24621895] [User ID: 4355295] SESSION CHECK - Valid session
[2025-11-25 17:39:54] [IP: ::1] [Session: ba794a59ba3d6ceb90561e3d24621895] [User ID: 4355295] SESSION CHECK - Valid session
[2025-11-25 17:40:04] [IP: ::1] [Session: 9fe8fd45cf2e96e2d1e3cc6a375d81d2] SESSION CHECK - No active session
[2025-11-25 17:40:04] [IP: ::1] [Session: d2ae0a9aa58679720daea770f3739c48] SESSION CHECK - No active session
[2025-11-25 17:40:13] [IP: ::1] [Session: caf0e70a16ab708e561a55df7c6bc367] [User ID: 4355295] SESSION CHECK - Valid session
[2025-11-25 17:45:04] [IP: ::1] [Session: caf0e70a16ab708e561a55df7c6bc367] [User ID: 4355295] SESSION CHECK - Valid session
[2025-11-25 17:47:59] [IP: ::1] [Session: d707784c2e7c368ad4e00ae0f8791286] [User ID: 4355295] SESSION CHECK - Valid session
[2025-11-25 17:48:08] [IP: ::1] [Session: d707784c2e7c368ad4e00ae0f8791286] [User ID: 4355295] SESSION CHECK - Valid session
[2025-11-25 17:48:08] [IP: ::1] [Session: d707784c2e7c368ad4e00ae0f8791286] [User ID: 4355295] SESSION CHECK - Valid session
[2025-11-25 17:48:12] [IP: ::1] [Session: d707784c2e7c368ad4e00ae0f8791286] [User ID: 4355295] SESSION CHECK - Valid session
[2025-11-25 17:48:13] [IP: ::1] [Session: d707784c2e7c368ad4e00ae0f8791286] [User ID: 4355295] SESSION CHECK - Valid session
[2025-11-25 17:48:21] [IP: ::1] [Session: d707784c2e7c368ad4e00ae0f8791286] [User ID: 4355295] SESSION CHECK - Valid session
[2025-11-25 17:48:21] [IP: ::1] [Session: d707784c2e7c368ad4e00ae0f8791286] [User ID: 4355295] SESSION CHECK - Valid session
[2025-11-25 17:48:37] [IP: ::1] [Session: 681c1afc38750a4bd196ac1fb2720f53] [User ID: 4355295] SESSION CHECK - Valid session
[2025-11-25 17:49:52] [IP: ::1] [Session: ba8958daf280d16335d10dbf172e13ff] SESSION CHECK - No active session
[2025-11-25 17:49:52] [IP: ::1] [Session: 4d6d7a9c3d87fca37d03d1ca3adbb491] SESSION CHECK - No active session
[2025-11-25 17:49:58] [IP: ::1] [Session: b48fca913b011fb28ed151baaa603607] [User ID: 4355295] SESSION CHECK - Valid session
[2025-11-25 17:53:45] [IP: ::1] [Session: b48fca913b011fb28ed151baaa603607] [User ID: 4355295] SESSION CHECK - Valid session
[2025-11-25 17:53:45] [IP: ::1] [Session: b48fca913b011fb28ed151baaa603607] [User ID: 4355295] SESSION CHECK - Valid session
[2025-11-25 17:53:56] [IP: ::1] [Session: cb2b46eec6e8bebd555432e0e793de16] [User ID: 4355295] SESSION CHECK - Valid session
[2025-11-25 17:54:02] [IP: ::1] [Session: cb2b46eec6e8bebd555432e0e793de16] [User ID: 4355295] SESSION CHECK - Valid session
[2025-11-25 17:54:03] [IP: ::1] [Session: cb2b46eec6e8bebd555432e0e793de16] [User ID: 4355295] SESSION CHECK - Valid session
[2025-11-25 17:55:01] [IP: ::1] [Session: cb2b46eec6e8bebd555432e0e793de16] [User ID: 4355295] SESSION CHECK - Valid session
[2025-11-25 17:55:02] [IP: ::1] [Session: cb2b46eec6e8bebd555432e0e793de16] [User ID: 4355295] SESSION CHECK - Valid session
[2025-11-25 17:55:19] [IP: ::1] [Session: 01773c81cf16fc1fcc6e99f8010dab94] [User ID: 1234567] SESSION CHECK - Valid session
[2025-11-25 17:55:30] [IP: ::1] [Session: 01773c81cf16fc1fcc6e99f8010dab94] [User ID: 1234567] SESSION CHECK - Valid session
[2025-11-25 17:55:30] [IP: ::1] [Session: 01773c81cf16fc1fcc6e99f8010dab94] [User ID: 1234567] SESSION CHECK - Valid session
[2025-11-25 17:55:37] [IP: ::1] [Session: 01773c81cf16fc1fcc6e99f8010dab94] [User ID: 1234567] SESSION CHECK - Valid session
[2025-11-25 17:55:38] [IP: ::1] [Session: 01773c81cf16fc1fcc6e99f8010dab94] [User ID: 1234567] SESSION CHECK - Valid session
[2025-11-25 17:55:50] [IP: ::1] [Session: 18e495180bb4514bcf3427862e240a34] [User ID: 1234567] SESSION CHECK - Valid session
[2025-11-25 17:57:16] [IP: ::1] [Session: 18e495180bb4514bcf3427862e240a34] [User ID: 1234567] SESSION CHECK - Valid session
[2025-11-25 17:57:17] [IP: ::1] [Session: 18e495180bb4514bcf3427862e240a34] [User ID: 1234567] SESSION CHECK - Valid session
[2025-11-25 18:04:09] [IP: ::1] [Session: 18e495180bb4514bcf3427862e240a34] [User ID: 1234567] SESSION CHECK - Valid session
[2025-11-25 18:04:09] [IP: ::1] [Session: 18e495180bb4514bcf3427862e240a34] [User ID: 1234567] SESSION CHECK - Valid session
[2025-11-25 18:04:28] [IP: ::1] [Session: 8df1834365250b647b56f4b29a6c504a] [User ID: 2673517] SESSION CHECK - Valid session
[2025-11-25 18:04:50] [IP: ::1] [Session: a8aa40abdb9194f0d62fb00d658f679c] [User ID: 9453192] SESSION CHECK - Valid session
[2025-11-25 18:09:09] [IP: ::1] [Session: b635271819eca7c9bd60ad7fb617a883] SESSION CHECK - No active session
[2025-11-25 18:14:09] [IP: ::1] [Session: b635271819eca7c9bd60ad7fb617a883] SESSION CHECK - No active session
[2025-11-25 18:19:09] [IP: ::1] [Session: b635271819eca7c9bd60ad7fb617a883] SESSION CHECK - No active session
[2025-11-25 18:24:09] [IP: ::1] [Session: b635271819eca7c9bd60ad7fb617a883] SESSION CHECK - No active session
[2025-11-25 18:29:09] [IP: ::1] [Session: b635271819eca7c9bd60ad7fb617a883] SESSION CHECK - No active session
[2025-11-25 18:34:09] [IP: ::1] [Session: b635271819eca7c9bd60ad7fb617a883] SESSION CHECK - No active session
[2025-11-25 18:39:36] [IP: ::1] [Session: b635271819eca7c9bd60ad7fb617a883] SESSION CHECK - No active session
[2025-11-25 18:44:36] [IP: ::1] [Session: b635271819eca7c9bd60ad7fb617a883] SESSION CHECK - No active session
[2025-11-25 18:49:36] [IP: ::1] [Session: b635271819eca7c9bd60ad7fb617a883] SESSION CHECK - No active session
[2025-11-25 18:54:36] [IP: ::1] [Session: b635271819eca7c9bd60ad7fb617a883] SESSION CHECK - No active session
[2025-11-26 01:25:53] [IP: ::1] [Session: fe739e9c5a0a1424eef2133ad6ad96d5] SESSION CHECK - No active session
[2025-11-26 01:25:53] [IP: ::1] [Session: 421747a361ca3d0605fb0d24d618574a] SESSION CHECK - No active session
[2025-11-26 01:27:52] [IP: ::1] [Session: 421747a361ca3d0605fb0d24d618574a] SESSION CHECK - No active session
[2025-11-26 01:27:53] [IP: ::1] [Session: 421747a361ca3d0605fb0d24d618574a] SESSION CHECK - No active session
[2025-11-26 01:28:10] [IP: ::1] [Session: c8a0e63d8e58df8e7a282567dee1add5] [User ID: 2673517] SESSION CHECK - Valid session
[2025-11-26 01:32:52] [IP: ::1] [Session: c8a0e63d8e58df8e7a282567dee1add5] [User ID: 2673517] SESSION CHECK - Valid session
[2025-11-26 01:37:52] [IP: ::1] [Session: c8a0e63d8e58df8e7a282567dee1add5] [User ID: 2673517] SESSION CHECK - Valid session
[2025-11-26 01:42:28] [IP: ::1] [Session: c8a0e63d8e58df8e7a282567dee1add5] [User ID: 2673517] SESSION CHECK - Valid session
[2025-11-26 01:42:28] [IP: ::1] [Session: c8a0e63d8e58df8e7a282567dee1add5] [User ID: 2673517] SESSION CHECK - Valid session
[2025-11-26 02:12:02] [IP: ::1] [Session: c8a0e63d8e58df8e7a282567dee1add5] [User ID: 2673517] SESSION CHECK - Valid session
[2025-11-26 02:12:07] [IP: ::1] [Session: c8a0e63d8e58df8e7a282567dee1add5] [User ID: 2673517] SESSION CHECK - Valid session
[2025-11-26 02:12:07] [IP: ::1] [Session: c8a0e63d8e58df8e7a282567dee1add5] [User ID: 2673517] SESSION CHECK - Valid session
[2025-11-26 02:14:39] [IP: ::1] [Session: c8a0e63d8e58df8e7a282567dee1add5] [User ID: 2673517] SESSION CHECK - Valid session
[2025-11-26 02:14:39] [IP: ::1] [Session: c8a0e63d8e58df8e7a282567dee1add5] [User ID: 2673517] SESSION CHECK - Valid session
[2025-11-26 02:19:39] [IP: ::1] [Session: c8a0e63d8e58df8e7a282567dee1add5] [User ID: 2673517] SESSION CHECK - Valid session
[2025-11-26 02:21:54] [IP: ::1] [Session: c8a0e63d8e58df8e7a282567dee1add5] [User ID: 2673517] SESSION CHECK - Valid session
[2025-11-26 02:21:54] [IP: ::1] [Session: c8a0e63d8e58df8e7a282567dee1add5] [User ID: 2673517] SESSION CHECK - Valid session
[2025-11-26 02:22:22] [IP: ::1] [Session: c8a0e63d8e58df8e7a282567dee1add5] [User ID: 2673517] SESSION CHECK - Valid session
[2025-11-26 02:22:22] [IP: ::1] [Session: c8a0e63d8e58df8e7a282567dee1add5] [User ID: 2673517] SESSION CHECK - Valid session
[2025-11-26 02:22:37] [IP: ::1] [Session: 9e98f129cce30e3707afff2192ede25f] [User ID: 4355295] SESSION CHECK - Valid session
[2025-11-26 02:23:07] [IP: ::1] [Session: 568fb527b8a4cbf7fefd81a17867385e] [User ID: 2673517] SESSION CHECK - Valid session
[2025-11-26 02:28:55] [IP: ::1] [Session: 568fb527b8a4cbf7fefd81a17867385e] [User ID: 2673517] SESSION CHECK - Valid session
[2025-11-26 02:29:02] [IP: ::1] [Session: 568fb527b8a4cbf7fefd81a17867385e] [User ID: 2673517] SESSION CHECK - Valid session
[2025-11-26 02:29:02] [IP: ::1] [Session: 568fb527b8a4cbf7fefd81a17867385e] [User ID: 2673517] SESSION CHECK - Valid session
[2025-11-26 02:34:02] [IP: ::1] [Session: 568fb527b8a4cbf7fefd81a17867385e] [User ID: 2673517] SESSION CHECK - Valid session
[2025-11-26 02:35:31] [IP: ::1] [Session: 568fb527b8a4cbf7fefd81a17867385e] [User ID: 2673517] SESSION CHECK - Valid session
[2025-11-26 02:35:31] [IP: ::1] [Session: 568fb527b8a4cbf7fefd81a17867385e] [User ID: 2673517] SESSION CHECK - Valid session
[2025-11-26 02:40:31] [IP: ::1] [Session: 568fb527b8a4cbf7fefd81a17867385e] [User ID: 2673517] SESSION CHECK - Valid session
[2025-11-26 02:45:31] [IP: ::1] [Session: 568fb527b8a4cbf7fefd81a17867385e] [User ID: 2673517] SESSION CHECK - Valid session
[2025-11-26 02:50:31] [IP: ::1] [Session: 568fb527b8a4cbf7fefd81a17867385e] [User ID: 2673517] SESSION CHECK - Valid session
[2025-11-26 02:55:31] [IP: ::1] [Session: 568fb527b8a4cbf7fefd81a17867385e] [User ID: 2673517] SESSION CHECK - Valid session
[2025-11-26 03:00:31] [IP: ::1] [Session: 568fb527b8a4cbf7fefd81a17867385e] [User ID: 2673517] SESSION CHECK - Valid session
[2025-11-26 03:05:31] [IP: ::1] [Session: 568fb527b8a4cbf7fefd81a17867385e] [User ID: 2673517] SESSION CHECK - Valid session
[2025-11-26 03:10:31] [IP: ::1] [Session: 568fb527b8a4cbf7fefd81a17867385e] [User ID: 2673517] SESSION CHECK - Valid session
[2025-11-26 03:15:31] [IP: ::1] [Session: 568fb527b8a4cbf7fefd81a17867385e] [User ID: 2673517] SESSION CHECK - Valid session
[2025-11-26 03:20:31] [IP: ::1] [Session: 568fb527b8a4cbf7fefd81a17867385e] [User ID: 2673517] SESSION CHECK - Valid session
[2025-11-26 03:25:31] [IP: ::1] [Session: 568fb527b8a4cbf7fefd81a17867385e] [User ID: 2673517] SESSION CHECK - Valid session
[2025-11-26 03:30:31] [IP: ::1] [Session: 568fb527b8a4cbf7fefd81a17867385e] [User ID: 2673517] SESSION CHECK - Valid session
[2025-11-26 09:30:11] [IP: ::1] [Session: 37a6469a6ffb52a5609f236ced7c9ac5] SESSION CHECK - No active session
[2025-11-26 09:30:13] [IP: ::1] [Session: 83c33e947ed4c382733fe7410c32b8e0] SESSION CHECK - No active session
[2025-11-26 09:35:10] [IP: ::1] [Session: 83c33e947ed4c382733fe7410c32b8e0] SESSION CHECK - No active session
[2025-11-26 09:35:48] [IP: ::1] [Session: 07c439a9d4247f37028835be520d7e0c] [User ID: 2555632] SESSION CHECK - Valid session
[2025-11-26 09:40:10] [IP: ::1] [Session: 07c439a9d4247f37028835be520d7e0c] [User ID: 2555632] SESSION CHECK - Valid session
[2025-11-26 09:45:10] [IP: ::1] [Session: ba9ac8a4fc3c3f80b724facd767d279b] SESSION CHECK - No active session
[2025-11-26 09:47:34] [IP: ::1] [Session: e49f6b1f1a0eb74d115c429328786835] [User ID: 1234567] SESSION CHECK - Valid session
[2025-11-26 09:49:18] [IP: ::1] [Session: 7e3d4185d811176c12ecbdd2e6ecce72] [User ID: 3824544] SESSION CHECK - Valid session
[2025-11-26 09:50:10] [IP: ::1] [Session: 7e3d4185d811176c12ecbdd2e6ecce72] [User ID: 3824544] SESSION CHECK - Valid session
[2025-11-26 09:55:10] [IP: ::1] [Session: a9754c8c5236f0c1b79483de7d487b47] SESSION CHECK - No active session
[2025-11-26 10:00:10] [IP: ::1] [Session: a9754c8c5236f0c1b79483de7d487b47] SESSION CHECK - No active session
[2025-11-26 10:03:00] [IP: ::1] [Session: 0ea5b437f12c2d3c14335a531196a65c] [User ID: 3824544] SESSION CHECK - Valid session
[2025-11-26 10:05:10] [IP: ::1] [Session: 0ea5b437f12c2d3c14335a531196a65c] [User ID: 3824544] SESSION CHECK - Valid session
[2025-11-26 10:10:10] [IP: ::1] [Session: 0ea5b437f12c2d3c14335a531196a65c] [User ID: 3824544] SESSION CHECK - Valid session
[2025-11-26 10:15:10] [IP: ::1] [Session: 0ea5b437f12c2d3c14335a531196a65c] [User ID: 3824544] SESSION CHECK - Valid session
[2025-11-26 10:16:01] [IP: ::1] [Session: 1e2dba7bcd5004cac37587385c5558a5] [User ID: 1234567] SESSION CHECK - Valid session
[2025-11-26 10:17:03] [IP: ::1] [Session: 2e34692f716aecba275ae1c0c422f215] [User ID: 3824544] SESSION CHECK - Valid session
[2025-11-26 10:17:31] [IP: ::1] [Session: f1cc78ce071a2c9cd6e26fb3fd7e8c4d] [User ID: 8225004] SESSION CHECK - Valid session
[2025-11-26 10:20:00] [IP: ::1] [Session: 043568ebc760f4ffb27d3cc2cb6c8938] [User ID: 3824544] SESSION CHECK - Valid session
[2025-11-26 10:20:10] [IP: ::1] [Session: 043568ebc760f4ffb27d3cc2cb6c8938] [User ID: 3824544] SESSION CHECK - Valid session
[2025-11-26 10:20:37] [IP: ::1] [Session: 043568ebc760f4ffb27d3cc2cb6c8938] [User ID: 3824544] SESSION CHECK - Valid session
[2025-11-26 10:20:37] [IP: ::1] [Session: 043568ebc760f4ffb27d3cc2cb6c8938] [User ID: 3824544] SESSION CHECK - Valid session
[2025-11-26 10:21:26] [IP: ::1] [Session: 78d047c5dcc934e9e284b77a8b7163c8] [User ID: 3824544] SESSION CHECK - Valid session
[2025-11-26 10:22:31] [IP: ::1] [Session: 78d047c5dcc934e9e284b77a8b7163c8] [User ID: 3824544] SESSION CHECK - Valid session
[2025-11-26 10:22:31] [IP: ::1] [Session: 78d047c5dcc934e9e284b77a8b7163c8] [User ID: 3824544] SESSION CHECK - Valid session
[2025-11-26 10:22:55] [IP: ::1] [Session: f2ba23a85a56b62d64280bb95b5bb246] [User ID: 8225004] SESSION CHECK - Valid session
[2025-11-26 10:24:37] [IP: ::1] [Session: 24583ecfa8e06a9b357f3d740059431f] [User ID: 3824544] SESSION CHECK - Valid session
[2025-11-26 10:24:49] [IP: ::1] [Session: 24583ecfa8e06a9b357f3d740059431f] [User ID: 3824544] SESSION CHECK - Valid session
[2025-11-26 10:24:49] [IP: ::1] [Session: 24583ecfa8e06a9b357f3d740059431f] [User ID: 3824544] SESSION CHECK - Valid session
[2025-11-26 10:24:52] [IP: ::1] [Session: 24583ecfa8e06a9b357f3d740059431f] [User ID: 3824544] SESSION CHECK - Valid session
[2025-11-26 10:24:52] [IP: ::1] [Session: 24583ecfa8e06a9b357f3d740059431f] [User ID: 3824544] SESSION CHECK - Valid session
[2025-11-26 10:24:56] [IP: ::1] [Session: 24583ecfa8e06a9b357f3d740059431f] [User ID: 3824544] SESSION CHECK - Valid session
[2025-11-26 10:24:56] [IP: ::1] [Session: 24583ecfa8e06a9b357f3d740059431f] [User ID: 3824544] SESSION CHECK - Valid session
[2025-11-26 10:25:48] [IP: ::1] [Session: 24583ecfa8e06a9b357f3d740059431f] [User ID: 3824544] SESSION CHECK - Valid session
[2025-11-26 10:25:48] [IP: ::1] [Session: 24583ecfa8e06a9b357f3d740059431f] [User ID: 3824544] SESSION CHECK - Valid session
[2025-11-26 10:30:48] [IP: ::1] [Session: 24583ecfa8e06a9b357f3d740059431f] [User ID: 3824544] SESSION CHECK - Valid session
[2025-11-26 11:19:44] [IP: ::1] [Session: 24583ecfa8e06a9b357f3d740059431f] [User ID: 3824544] SESSION CHECK - Valid session
[2025-11-26 11:28:18] [IP: ::1] [Session: 24583ecfa8e06a9b357f3d740059431f] [User ID: 3824544] SESSION CHECK - Valid session
[2025-11-26 11:28:20] [IP: ::1] [Session: 24583ecfa8e06a9b357f3d740059431f] [User ID: 3824544] SESSION CHECK - Valid session
[2025-11-26 12:44:20] [IP: ::1] [Session: 24583ecfa8e06a9b357f3d740059431f] [User ID: 3824544] SESSION CHECK - Valid session
[2025-11-26 12:44:21] [IP: ::1] [Session: 24583ecfa8e06a9b357f3d740059431f] [User ID: 3824544] SESSION CHECK - Valid session
[2025-11-26 12:44:21] [IP: ::1] [Session: 24583ecfa8e06a9b357f3d740059431f] [User ID: 3824544] SESSION CHECK - Valid session
[2025-11-26 23:39:56] [IP: ::1] [Session: 24583ecfa8e06a9b357f3d740059431f] [User ID: 3824544] SESSION CHECK - Valid session
[2025-11-26 23:40:10] [IP: ::1] [Session: 24583ecfa8e06a9b357f3d740059431f] [User ID: 3824544] SESSION CHECK - Valid session
[2025-11-26 23:40:55] [IP: ::1] [Session: 24583ecfa8e06a9b357f3d740059431f] [User ID: 3824544] SESSION CHECK - Valid session
[2025-11-26 23:40:55] [IP: ::1] [Session: 24583ecfa8e06a9b357f3d740059431f] [User ID: 3824544] SESSION CHECK - Valid session
[2025-11-26 23:41:44] [IP: ::1] [Session: 24583ecfa8e06a9b357f3d740059431f] [User ID: 3824544] SESSION CHECK - Valid session
[2025-11-26 23:41:45] [IP: ::1] [Session: 24583ecfa8e06a9b357f3d740059431f] [User ID: 3824544] SESSION CHECK - Valid session
[2025-11-26 23:46:40] [IP: ::1] [Session: 24583ecfa8e06a9b357f3d740059431f] [User ID: 3824544] SESSION CHECK - Valid session
[2025-11-26 23:46:40] [IP: ::1] [Session: 24583ecfa8e06a9b357f3d740059431f] [User ID: 3824544] SESSION CHECK - Valid session
[2025-11-26 23:49:11] [IP: ::1] [Session: 24583ecfa8e06a9b357f3d740059431f] [User ID: 3824544] SESSION CHECK - Valid session
[2025-11-26 23:49:11] [IP: ::1] [Session: 24583ecfa8e06a9b357f3d740059431f] [User ID: 3824544] SESSION CHECK - Valid session
[2025-11-26 23:51:18] [IP: ::1] [Session: 24583ecfa8e06a9b357f3d740059431f] [User ID: 3824544] SESSION CHECK - Valid session
[2025-11-26 23:51:18] [IP: ::1] [Session: 24583ecfa8e06a9b357f3d740059431f] [User ID: 3824544] SESSION CHECK - Valid session
[2025-11-26 23:51:46] [IP: ::1] [Session: 24583ecfa8e06a9b357f3d740059431f] [User ID: 3824544] SESSION CHECK - Valid session
[2025-11-26 23:51:46] [IP: ::1] [Session: 24583ecfa8e06a9b357f3d740059431f] [User ID: 3824544] SESSION CHECK - Valid session
[2025-11-26 23:56:47] [IP: ::1] [Session: 24583ecfa8e06a9b357f3d740059431f] [User ID: 3824544] SESSION CHECK - Valid session
[2025-11-27 00:00:33] [IP: ::1] [Session: 24583ecfa8e06a9b357f3d740059431f] [User ID: 3824544] SESSION CHECK - Valid session
[2025-11-27 00:00:33] [IP: ::1] [Session: 24583ecfa8e06a9b357f3d740059431f] [User ID: 3824544] SESSION CHECK - Valid session
[2025-11-27 00:02:43] [IP: ::1] [Session: 24583ecfa8e06a9b357f3d740059431f] [User ID: 3824544] SESSION CHECK - Valid session
[2025-11-27 00:02:43] [IP: ::1] [Session: 24583ecfa8e06a9b357f3d740059431f] [User ID: 3824544] SESSION CHECK - Valid session
[2025-11-27 00:05:22] [IP: ::1] [Session: 24583ecfa8e06a9b357f3d740059431f] [User ID: 3824544] SESSION CHECK - Valid session
[2025-11-27 00:05:23] [IP: ::1] [Session: 24583ecfa8e06a9b357f3d740059431f] [User ID: 3824544] SESSION CHECK - Valid session
[2025-11-27 00:10:23] [IP: ::1] [Session: 24583ecfa8e06a9b357f3d740059431f] [User ID: 3824544] SESSION CHECK - Valid session
[2025-11-27 00:15:23] [IP: ::1] [Session: 24583ecfa8e06a9b357f3d740059431f] [User ID: 3824544] SESSION CHECK - Valid session
[2025-11-27 00:19:38] [IP: ::1] [Session: 24583ecfa8e06a9b357f3d740059431f] [User ID: 3824544] SESSION CHECK - Valid session
[2025-11-27 00:19:38] [IP: ::1] [Session: 24583ecfa8e06a9b357f3d740059431f] [User ID: 3824544] SESSION CHECK - Valid session
[2025-11-27 00:22:18] [IP: ::1] [Session: 24583ecfa8e06a9b357f3d740059431f] [User ID: 3824544] SESSION CHECK - Valid session
[2025-11-27 00:22:18] [IP: ::1] [Session: 24583ecfa8e06a9b357f3d740059431f] [User ID: 3824544] SESSION CHECK - Valid session
[2025-11-27 00:22:33] [IP: ::1] [Session: 24583ecfa8e06a9b357f3d740059431f] [User ID: 3824544] SESSION CHECK - Valid session
[2025-11-27 00:22:33] [IP: ::1] [Session: 24583ecfa8e06a9b357f3d740059431f] [User ID: 3824544] SESSION CHECK - Valid session
[2025-11-27 00:27:34] [IP: ::1] [Session: 24583ecfa8e06a9b357f3d740059431f] [User ID: 3824544] SESSION CHECK - Valid session
[2025-11-27 00:29:23] [IP: ::1] [Session: 24583ecfa8e06a9b357f3d740059431f] [User ID: 3824544] SESSION CHECK - Valid session
[2025-11-27 00:29:23] [IP: ::1] [Session: 24583ecfa8e06a9b357f3d740059431f] [User ID: 3824544] SESSION CHECK - Valid session
[2025-11-27 00:30:41] [IP: ::1] [Session: 1cf31f0e162c5ce13c8bc04eac385971] [User ID: 1234567] SESSION CHECK - Valid session
[2025-11-27 00:31:23] [IP: ::1] [Session: 8828a57249e47a69dc341b60ec83bbbe] [User ID: 8225004] SESSION CHECK - Valid session
[2025-11-27 00:34:23] [IP: ::1] [Session: 8828a57249e47a69dc341b60ec83bbbe] [User ID: 8225004] SESSION CHECK - Valid session
[2025-11-27 00:34:27] [IP: ::1] [Session: 8828a57249e47a69dc341b60ec83bbbe] [User ID: 8225004] SESSION CHECK - Valid session
[2025-11-27 00:34:27] [IP: ::1] [Session: 8828a57249e47a69dc341b60ec83bbbe] [User ID: 8225004] SESSION CHECK - Valid session
[2025-11-27 00:36:21] [IP: ::1] [Session: 5027ee2909da07e8ee3f7ea7c0b9fead] SESSION CHECK - No active session
[2025-11-27 00:36:22] [IP: ::1] [Session: 56242bc1af7a73cc2236ce08239faaa8] SESSION CHECK - No active session
[2025-11-27 00:41:20] [IP: ::1] [Session: 56242bc1af7a73cc2236ce08239faaa8] SESSION CHECK - No active session
[2025-11-27 00:45:50] [IP: ::1] [Session: 56242bc1af7a73cc2236ce08239faaa8] SESSION CHECK - No active session
[2025-11-27 00:45:51] [IP: ::1] [Session: 56242bc1af7a73cc2236ce08239faaa8] SESSION CHECK - No active session
[2025-11-27 00:49:49] [IP: ::1] [Session: 56242bc1af7a73cc2236ce08239faaa8] SESSION CHECK - No active session
[2025-11-27 00:49:49] [IP: ::1] [Session: 56242bc1af7a73cc2236ce08239faaa8] SESSION CHECK - No active session
[2025-11-27 00:54:49] [IP: ::1] [Session: 56242bc1af7a73cc2236ce08239faaa8] SESSION CHECK - No active session
[2025-11-27 00:59:49] [IP: ::1] [Session: 56242bc1af7a73cc2236ce08239faaa8] SESSION CHECK - No active session
[2025-11-27 01:04:49] [IP: ::1] [Session: 56242bc1af7a73cc2236ce08239faaa8] SESSION CHECK - No active session
[2025-11-27 01:53:12] [IP: ::1] [Session: 56242bc1af7a73cc2236ce08239faaa8] SESSION CHECK - No active session
[2025-11-27 04:12:19] [IP: ::1] [Session: 56242bc1af7a73cc2236ce08239faaa8] SESSION CHECK - No active session
[2025-11-27 04:12:27] [IP: ::1] [Session: 56242bc1af7a73cc2236ce08239faaa8] SESSION CHECK - No active session
[2025-11-27 04:12:29] [IP: ::1] [Session: 56242bc1af7a73cc2236ce08239faaa8] SESSION CHECK - No active session
[2025-11-27 04:17:26] [IP: ::1] [Session: 56242bc1af7a73cc2236ce08239faaa8] SESSION CHECK - No active session
[2025-11-27 11:36:30] [IP: ::1] [Session: 56242bc1af7a73cc2236ce08239faaa8] SESSION CHECK - No active session
[2025-11-27 11:37:23] [IP: ::1] [Session: 56242bc1af7a73cc2236ce08239faaa8] SESSION CHECK - No active session
[2025-11-27 11:42:22] [IP: ::1] [Session: 56242bc1af7a73cc2236ce08239faaa8] SESSION CHECK - No active session
[2025-11-27 11:43:07] [IP: ::1] [Session: 56242bc1af7a73cc2236ce08239faaa8] SESSION CHECK - No active session
[2025-11-27 11:43:08] [IP: ::1] [Session: 56242bc1af7a73cc2236ce08239faaa8] SESSION CHECK - No active session
[2025-11-27 11:46:19] [IP: ::1] [Session: 9f29b9b3def8befe0511a19c8cc67bd0] [User ID: 8225004] SESSION CHECK - Valid session
[2025-11-27 11:48:06] [IP: ::1] [Session: 9f29b9b3def8befe0511a19c8cc67bd0] [User ID: 8225004] SESSION CHECK - Valid session
[2025-11-27 11:50:52] [IP: ::1] [Session: 9f29b9b3def8befe0511a19c8cc67bd0] [User ID: 8225004] SESSION CHECK - Valid session
[2025-11-27 11:50:52] [IP: ::1] [Session: 9f29b9b3def8befe0511a19c8cc67bd0] [User ID: 8225004] SESSION CHECK - Valid session
[2025-11-27 11:51:59] [IP: ::1] [Session: 9f29b9b3def8befe0511a19c8cc67bd0] [User ID: 8225004] SESSION CHECK - Valid session
[2025-11-27 11:51:59] [IP: ::1] [Session: 9f29b9b3def8befe0511a19c8cc67bd0] [User ID: 8225004] SESSION CHECK - Valid session
[2025-11-27 11:54:13] [IP: ::1] [Session: 9f29b9b3def8befe0511a19c8cc67bd0] [User ID: 8225004] SESSION CHECK - Valid session
[2025-11-27 11:54:13] [IP: ::1] [Session: 9f29b9b3def8befe0511a19c8cc67bd0] [User ID: 8225004] SESSION CHECK - Valid session
[2025-11-27 11:55:24] [IP: ::1] [Session: 9f29b9b3def8befe0511a19c8cc67bd0] [User ID: 8225004] SESSION CHECK - Valid session
[2025-11-27 11:55:24] [IP: ::1] [Session: 9f29b9b3def8befe0511a19c8cc67bd0] [User ID: 8225004] SESSION CHECK - Valid session
[2025-11-27 11:55:36] [IP: ::1] [Session: 9f29b9b3def8befe0511a19c8cc67bd0] [User ID: 8225004] SESSION CHECK - Valid session
[2025-11-27 11:55:36] [IP: ::1] [Session: 9f29b9b3def8befe0511a19c8cc67bd0] [User ID: 8225004] SESSION CHECK - Valid session
[2025-11-27 11:56:09] [IP: ::1] [Session: 9f29b9b3def8befe0511a19c8cc67bd0] [User ID: 8225004] SESSION CHECK - Valid session
[2025-11-27 11:56:09] [IP: ::1] [Session: 9f29b9b3def8befe0511a19c8cc67bd0] [User ID: 8225004] SESSION CHECK - Valid session
[2025-11-27 11:56:33] [IP: ::1] [Session: 9f29b9b3def8befe0511a19c8cc67bd0] [User ID: 8225004] SESSION CHECK - Valid session
[2025-11-27 11:56:33] [IP: ::1] [Session: 9f29b9b3def8befe0511a19c8cc67bd0] [User ID: 8225004] SESSION CHECK - Valid session
[2025-11-27 12:01:33] [IP: ::1] [Session: 9f29b9b3def8befe0511a19c8cc67bd0] [User ID: 8225004] SESSION CHECK - Valid session
[2025-11-27 12:02:27] [IP: ::1] [Session: 9f29b9b3def8befe0511a19c8cc67bd0] [User ID: 8225004] SESSION CHECK - Valid session
[2025-11-27 12:02:27] [IP: ::1] [Session: 9f29b9b3def8befe0511a19c8cc67bd0] [User ID: 8225004] SESSION CHECK - Valid session
[2025-11-27 12:02:54] [IP: ::1] [Session: 9f29b9b3def8befe0511a19c8cc67bd0] [User ID: 8225004] SESSION CHECK - Valid session
[2025-11-27 12:02:54] [IP: ::1] [Session: 9f29b9b3def8befe0511a19c8cc67bd0] [User ID: 8225004] SESSION CHECK - Valid session
[2025-11-27 12:03:19] [IP: ::1] [Session: 9f29b9b3def8befe0511a19c8cc67bd0] [User ID: 8225004] SESSION CHECK - Valid session
[2025-11-27 12:03:19] [IP: ::1] [Session: 9f29b9b3def8befe0511a19c8cc67bd0] [User ID: 8225004] SESSION CHECK - Valid session
[2025-11-27 12:03:40] [IP: ::1] [Session: 9f29b9b3def8befe0511a19c8cc67bd0] [User ID: 8225004] SESSION CHECK - Valid session
[2025-11-27 12:03:40] [IP: ::1] [Session: 9f29b9b3def8befe0511a19c8cc67bd0] [User ID: 8225004] SESSION CHECK - Valid session
[2025-11-27 12:04:06] [IP: ::1] [Session: 9f29b9b3def8befe0511a19c8cc67bd0] [User ID: 8225004] SESSION CHECK - Valid session
[2025-11-27 12:04:06] [IP: ::1] [Session: 9f29b9b3def8befe0511a19c8cc67bd0] [User ID: 8225004] SESSION CHECK - Valid session
[2025-11-27 12:04:25] [IP: ::1] [Session: 9f29b9b3def8befe0511a19c8cc67bd0] [User ID: 8225004] SESSION CHECK - Valid session
[2025-11-27 12:04:25] [IP: ::1] [Session: 9f29b9b3def8befe0511a19c8cc67bd0] [User ID: 8225004] SESSION CHECK - Valid session
[2025-11-27 12:07:47] [IP: ::1] [Session: 9f29b9b3def8befe0511a19c8cc67bd0] [User ID: 8225004] SESSION CHECK - Valid session
[2025-11-27 12:07:47] [IP: ::1] [Session: 9f29b9b3def8befe0511a19c8cc67bd0] [User ID: 8225004] SESSION CHECK - Valid session
[2025-11-27 14:24:14] [IP: ::1] [Session: 9f29b9b3def8befe0511a19c8cc67bd0] [User ID: 8225004] SESSION CHECK - Valid session
[2025-11-27 14:59:23] [IP: ::1] [Session: 9f29b9b3def8befe0511a19c8cc67bd0] [User ID: 8225004] SESSION CHECK - Valid session
[2025-11-27 14:59:23] [IP: ::1] [Session: 9f29b9b3def8befe0511a19c8cc67bd0] [User ID: 8225004] SESSION CHECK - Valid session
[2025-11-27 15:04:21] [IP: ::1] [Session: 9f29b9b3def8befe0511a19c8cc67bd0] [User ID: 8225004] SESSION CHECK - Valid session
[2025-11-27 15:07:15] [IP: ::1] [Session: b6211c23a89a0819da38f9ef245b2217] [User ID: 3824544] SESSION CHECK - Valid session
[2025-11-27 15:09:21] [IP: ::1] [Session: b6211c23a89a0819da38f9ef245b2217] [User ID: 3824544] SESSION CHECK - Valid session
[2025-11-27 15:09:58] [IP: ::1] [Session: b6211c23a89a0819da38f9ef245b2217] [User ID: 3824544] SESSION CHECK - Valid session
[2025-11-27 15:09:59] [IP: ::1] [Session: b6211c23a89a0819da38f9ef245b2217] [User ID: 3824544] SESSION CHECK - Valid session
[2025-11-27 15:13:08] [IP: ::1] [Session: b6211c23a89a0819da38f9ef245b2217] [User ID: 3824544] SESSION CHECK - Valid session
[2025-11-27 15:13:08] [IP: ::1] [Session: b6211c23a89a0819da38f9ef245b2217] [User ID: 3824544] SESSION CHECK - Valid session
[2025-11-27 15:13:41] [IP: ::1] [Session: b6211c23a89a0819da38f9ef245b2217] [User ID: 3824544] SESSION CHECK - Valid session
[2025-11-27 15:13:42] [IP: ::1] [Session: b6211c23a89a0819da38f9ef245b2217] [User ID: 3824544] SESSION CHECK - Valid session
[2025-11-27 15:14:31] [IP: ::1] [Session: b6211c23a89a0819da38f9ef245b2217] [User ID: 3824544] SESSION CHECK - Valid session
[2025-11-27 15:14:32] [IP: ::1] [Session: b6211c23a89a0819da38f9ef245b2217] [User ID: 3824544] SESSION CHECK - Valid session
[2025-11-27 15:14:54] [IP: ::1] [Session: b6211c23a89a0819da38f9ef245b2217] [User ID: 3824544] SESSION CHECK - Valid session
[2025-11-27 15:14:55] [IP: ::1] [Session: b6211c23a89a0819da38f9ef245b2217] [User ID: 3824544] SESSION CHECK - Valid session
[2025-11-27 15:17:09] [IP: ::1] [Session: b6211c23a89a0819da38f9ef245b2217] [User ID: 3824544] SESSION CHECK - Valid session
[2025-11-27 15:17:10] [IP: ::1] [Session: b6211c23a89a0819da38f9ef245b2217] [User ID: 3824544] SESSION CHECK - Valid session
[2025-11-27 15:19:13] [IP: ::1] [Session: b6211c23a89a0819da38f9ef245b2217] [User ID: 3824544] SESSION CHECK - Valid session
[2025-11-27 15:19:13] [IP: ::1] [Session: b6211c23a89a0819da38f9ef245b2217] [User ID: 3824544] SESSION CHECK - Valid session
[2025-11-27 15:24:13] [IP: ::1] [Session: b6211c23a89a0819da38f9ef245b2217] [User ID: 3824544] SESSION CHECK - Valid session
[2025-11-27 15:29:13] [IP: ::1] [Session: b6211c23a89a0819da38f9ef245b2217] [User ID: 3824544] SESSION CHECK - Valid session
[2025-11-27 15:34:13] [IP: ::1] [Session: b51bc4681ea8d440d9fe3707b07a9a91] SESSION CHECK - No active session
[2025-11-28 13:57:06] [IP: 192.168.43.230] [Session: 071c5ac70cf590d593a88ddee0d07c17] SESSION CHECK - No active session
[2025-11-28 13:57:06] [IP: 192.168.43.230] [Session: 637dabbd55d7c793b8fd0b57cf769fd2] SESSION CHECK - No active session
[2025-11-28 13:57:50] [IP: 192.168.43.184] [Session: 8403dcee0dbec1d10b3e8955f3242fc8] SESSION CHECK - No active session
[2025-11-28 13:57:51] [IP: 192.168.43.184] [Session: e67abd97231c4b246c41e6fcddc6189a] SESSION CHECK - No active session
[2025-11-28 13:57:55] [IP: 192.168.43.184] [Session: e67abd97231c4b246c41e6fcddc6189a] SESSION CHECK - No active session
[2025-11-28 13:57:55] [IP: 192.168.43.184] [Session: e67abd97231c4b246c41e6fcddc6189a] SESSION CHECK - No active session
[2025-11-28 13:58:37] [IP: 192.168.43.184] [Session: a8cb87df6e977619f6ff327c2e2b1f66] [User ID: 8225004] SESSION CHECK - Valid session
[2025-11-28 13:59:28] [IP: 192.168.43.184] [Session: a8cb87df6e977619f6ff327c2e2b1f66] [User ID: 8225004] SESSION CHECK - Valid session
[2025-11-28 13:59:28] [IP: 192.168.43.184] [Session: a8cb87df6e977619f6ff327c2e2b1f66] [User ID: 8225004] SESSION CHECK - Valid session
[2025-11-28 14:00:56] [IP: 192.168.43.184] [Session: a8cb87df6e977619f6ff327c2e2b1f66] [User ID: 8225004] SESSION CHECK - Valid session
[2025-11-28 14:00:56] [IP: 192.168.43.184] [Session: a8cb87df6e977619f6ff327c2e2b1f66] [User ID: 8225004] SESSION CHECK - Valid session
[2025-11-28 14:02:05] [IP: 192.168.43.230] [Session: 637dabbd55d7c793b8fd0b57cf769fd2] SESSION CHECK - No active session
[2025-11-28 14:10:58] [IP: 192.168.43.184] [Session: a8cb87df6e977619f6ff327c2e2b1f66] [User ID: 8225004] SESSION CHECK - Valid session
[2025-11-28 14:10:58] [IP: 192.168.43.184] [Session: a8cb87df6e977619f6ff327c2e2b1f66] [User ID: 8225004] SESSION CHECK - Valid session
[2025-11-28 14:10:58] [IP: 192.168.43.184] [Session: a8cb87df6e977619f6ff327c2e2b1f66] [User ID: 8225004] SESSION CHECK - Valid session
[2025-11-28 14:10:58] [IP: 192.168.43.184] [Session: a8cb87df6e977619f6ff327c2e2b1f66] [User ID: 8225004] SESSION CHECK - Valid session
[2025-11-28 14:10:58] [IP: 192.168.43.184] [Session: a8cb87df6e977619f6ff327c2e2b1f66] [User ID: 8225004] SESSION CHECK - Valid session
[2025-11-28 14:10:58] [IP: 192.168.43.184] [Session: a8cb87df6e977619f6ff327c2e2b1f66] [User ID: 8225004] SESSION CHECK - Valid session
[2025-11-28 14:10:58] [IP: 192.168.43.184] [Session: a8cb87df6e977619f6ff327c2e2b1f66] [User ID: 8225004] SESSION CHECK - Valid session
[2025-11-28 14:10:58] [IP: 192.168.43.184] [Session: a8cb87df6e977619f6ff327c2e2b1f66] [User ID: 8225004] SESSION CHECK - Valid session
[2025-11-28 14:10:59] [IP: 192.168.43.184] [Session: a8cb87df6e977619f6ff327c2e2b1f66] [User ID: 8225004] SESSION CHECK - Valid session
[2025-11-28 14:10:59] [IP: 192.168.43.230] [Session: 637dabbd55d7c793b8fd0b57cf769fd2] SESSION CHECK - No active session
[2025-11-28 14:10:59] [IP: 192.168.43.230] [Session: 637dabbd55d7c793b8fd0b57cf769fd2] SESSION CHECK - No active session
[2025-11-28 14:10:59] [IP: 192.168.43.184] [Session: a8cb87df6e977619f6ff327c2e2b1f66] [User ID: 8225004] SESSION CHECK - Valid session
[2025-11-28 14:10:59] [IP: 192.168.43.184] [Session: a8cb87df6e977619f6ff327c2e2b1f66] [User ID: 8225004] SESSION CHECK - Valid session
[2025-11-28 14:10:59] [IP: 192.168.43.184] [Session: a8cb87df6e977619f6ff327c2e2b1f66] [User ID: 8225004] SESSION CHECK - Valid session
[2025-11-28 14:10:59] [IP: 192.168.43.184] [Session: a8cb87df6e977619f6ff327c2e2b1f66] [User ID: 8225004] SESSION CHECK - Valid session
[2025-11-28 14:10:59] [IP: 192.168.43.184] [Session: a8cb87df6e977619f6ff327c2e2b1f66] [User ID: 8225004] SESSION CHECK - Valid session
[2025-11-28 14:10:59] [IP: 192.168.43.230] [Session: 637dabbd55d7c793b8fd0b57cf769fd2] SESSION CHECK - No active session
[2025-11-28 14:10:59] [IP: 192.168.43.184] [Session: a8cb87df6e977619f6ff327c2e2b1f66] [User ID: 8225004] SESSION CHECK - Valid session
[2025-11-28 14:10:59] [IP: 192.168.43.184] [Session: a8cb87df6e977619f6ff327c2e2b1f66] [User ID: 8225004] SESSION CHECK - Valid session
[2025-11-28 14:10:59] [IP: 192.168.43.230] [Session: 637dabbd55d7c793b8fd0b57cf769fd2] SESSION CHECK - No active session
[2025-11-28 14:11:00] [IP: 192.168.43.230] [Session: 637dabbd55d7c793b8fd0b57cf769fd2] SESSION CHECK - No active session
[2025-11-28 14:11:00] [IP: 192.168.43.184] [Session: a8cb87df6e977619f6ff327c2e2b1f66] [User ID: 8225004] SESSION CHECK - Valid session
[2025-11-28 14:11:00] [IP: 192.168.43.230] [Session: 637dabbd55d7c793b8fd0b57cf769fd2] SESSION CHECK - No active session
[2025-11-28 14:11:14] [IP: 192.168.43.184] [Session: a8cb87df6e977619f6ff327c2e2b1f66] [User ID: 8225004] SESSION CHECK - Valid session
[2025-11-28 14:11:14] [IP: 192.168.43.184] [Session: a8cb87df6e977619f6ff327c2e2b1f66] [User ID: 8225004] SESSION CHECK - Valid session
[2025-11-28 14:11:44] [IP: 192.168.43.184] [Session: a8cb87df6e977619f6ff327c2e2b1f66] [User ID: 8225004] SESSION CHECK - Valid session
[2025-11-28 14:11:44] [IP: 192.168.43.184] [Session: a8cb87df6e977619f6ff327c2e2b1f66] [User ID: 8225004] SESSION CHECK - Valid session
[2025-11-28 14:13:49] [IP: 192.168.43.184] [Session: a8cb87df6e977619f6ff327c2e2b1f66] [User ID: 8225004] SESSION CHECK - Valid session
[2025-11-28 14:13:49] [IP: 192.168.43.184] [Session: a8cb87df6e977619f6ff327c2e2b1f66] [User ID: 8225004] SESSION CHECK - Valid session
[2025-11-28 14:14:45] [IP: 192.168.43.184] [Session: a8cb87df6e977619f6ff327c2e2b1f66] [User ID: 8225004] SESSION CHECK - Valid session
[2025-11-28 14:14:46] [IP: 192.168.43.184] [Session: a8cb87df6e977619f6ff327c2e2b1f66] [User ID: 8225004] SESSION CHECK - Valid session
[2025-11-28 14:15:17] [IP: 192.168.43.184] [Session: 9b5b742d34969b6ab43d5efa0a6cb9aa] [User ID: 8225004] SESSION CHECK - Valid session
[2025-11-28 14:15:43] [IP: 192.168.43.230] [Session: 637dabbd55d7c793b8fd0b57cf769fd2] SESSION CHECK - No active session
[2025-11-28 14:19:46] [IP: 192.168.43.184] [Session: 9b5b742d34969b6ab43d5efa0a6cb9aa] [User ID: 8225004] SESSION CHECK - Valid session
[2025-11-28 14:20:43] [IP: 192.168.43.230] [Session: 637dabbd55d7c793b8fd0b57cf769fd2] SESSION CHECK - No active session
[2025-11-28 14:23:57] [IP: 192.168.43.184] [Session: 9b5b742d34969b6ab43d5efa0a6cb9aa] [User ID: 8225004] SESSION CHECK - Valid session
[2025-11-28 14:23:57] [IP: 192.168.43.184] [Session: 9b5b742d34969b6ab43d5efa0a6cb9aa] [User ID: 8225004] SESSION CHECK - Valid session
[2025-11-28 14:24:11] [IP: 192.168.43.184] [Session: 9b5b742d34969b6ab43d5efa0a6cb9aa] [User ID: 8225004] SESSION CHECK - Valid session
[2025-11-28 14:24:11] [IP: 192.168.43.184] [Session: 9b5b742d34969b6ab43d5efa0a6cb9aa] [User ID: 8225004] SESSION CHECK - Valid session
[2025-11-28 14:25:19] [IP: 192.168.43.230] [Session: ae17320b0d580d9142d717863f213af8] [User ID: 8225004] SESSION CHECK - Valid session
[2025-11-28 14:25:42] [IP: 192.168.43.230] [Session: ae17320b0d580d9142d717863f213af8] [User ID: 8225004] SESSION CHECK - Valid session
[2025-11-28 14:29:11] [IP: 192.168.43.184] [Session: 9b5b742d34969b6ab43d5efa0a6cb9aa] [User ID: 8225004] SESSION CHECK - Valid session
[2025-11-28 14:30:43] [IP: 192.168.43.230] [Session: ae17320b0d580d9142d717863f213af8] [User ID: 8225004] SESSION CHECK - Valid session
[2025-11-28 14:34:11] [IP: 192.168.43.184] [Session: 9b5b742d34969b6ab43d5efa0a6cb9aa] [User ID: 8225004] SESSION CHECK - Valid session
[2025-11-28 14:35:43] [IP: 192.168.43.230] [Session: ae17320b0d580d9142d717863f213af8] [User ID: 8225004] SESSION CHECK - Valid session
[2025-11-28 14:35:48] [IP: 192.168.43.184] [Session: 9b5b742d34969b6ab43d5efa0a6cb9aa] [User ID: 8225004] SESSION CHECK - Valid session
[2025-11-28 14:35:48] [IP: 192.168.43.184] [Session: 9b5b742d34969b6ab43d5efa0a6cb9aa] [User ID: 8225004] SESSION CHECK - Valid session
[2025-11-28 14:36:17] [IP: 192.168.43.184] [Session: 9b5b742d34969b6ab43d5efa0a6cb9aa] [User ID: 8225004] SESSION CHECK - Valid session
[2025-11-28 14:36:17] [IP: 192.168.43.184] [Session: 9b5b742d34969b6ab43d5efa0a6cb9aa] [User ID: 8225004] SESSION CHECK - Valid session
[2025-11-28 14:40:43] [IP: 192.168.43.230] [Session: ae17320b0d580d9142d717863f213af8] [User ID: 8225004] SESSION CHECK - Valid session
[2025-11-28 14:41:17] [IP: 192.168.43.184] [Session: 730ba02106691ea6a2c9dbc5db67dc3a] SESSION CHECK - No active session
[2025-11-28 14:41:33] [IP: 192.168.43.184] [Session: 902193e17557122633320dacda418f99] [User ID: 8225004] SESSION CHECK - Valid session
[2025-11-28 14:41:45] [IP: 192.168.43.184] [Session: 902193e17557122633320dacda418f99] [User ID: 8225004] SESSION CHECK - Valid session
[2025-11-28 14:41:45] [IP: 192.168.43.184] [Session: 902193e17557122633320dacda418f99] [User ID: 8225004] SESSION CHECK - Valid session
[2025-11-28 14:46:20] [IP: 192.168.43.230] [Session: ae17320b0d580d9142d717863f213af8] [User ID: 8225004] SESSION CHECK - Valid session
[2025-11-28 14:46:45] [IP: 192.168.43.184] [Session: 902193e17557122633320dacda418f99] [User ID: 8225004] SESSION CHECK - Valid session
[2025-11-28 14:48:16] [IP: 192.168.43.184] [Session: 9a835f09b01591c9270d45162741be25] [User ID: 8225004] SESSION CHECK - Valid session
[2025-11-28 14:51:20] [IP: 192.168.43.230] [Session: ae17320b0d580d9142d717863f213af8] [User ID: 8225004] SESSION CHECK - Valid session
[2025-11-28 14:51:45] [IP: 192.168.43.184] [Session: 9a835f09b01591c9270d45162741be25] [User ID: 8225004] SESSION CHECK - Valid session
[2025-11-28 14:54:58] [IP: 192.168.43.184] [Session: b180a5e7df0dc717bc577e081d5b937a] [User ID: 3824544] SESSION CHECK - Valid session
[2025-11-28 14:56:20] [IP: 192.168.43.230] [Session: ae17320b0d580d9142d717863f213af8] [User ID: 8225004] SESSION CHECK - Valid session
[2025-11-28 14:56:46] [IP: 192.168.43.184] [Session: b180a5e7df0dc717bc577e081d5b937a] [User ID: 3824544] SESSION CHECK - Valid session
[2025-11-28 14:57:44] [IP: 192.168.43.184] [Session: a6390c2a0054752d159acc85f6bb3fa9] [User ID: 8225004] SESSION CHECK - Valid session
[2025-11-28 15:01:20] [IP: 192.168.43.230] [Session: ae17320b0d580d9142d717863f213af8] [User ID: 8225004] SESSION CHECK - Valid session
[2025-11-28 15:01:45] [IP: 192.168.43.184] [Session: a6390c2a0054752d159acc85f6bb3fa9] [User ID: 8225004] SESSION CHECK - Valid session
[2025-11-28 15:05:43] [IP: 192.168.43.230] [Session: ae17320b0d580d9142d717863f213af8] [User ID: 8225004] SESSION CHECK - Valid session
[2025-11-28 15:06:45] [IP: 192.168.43.184] [Session: a6390c2a0054752d159acc85f6bb3fa9] [User ID: 8225004] SESSION CHECK - Valid session
[2025-11-29 03:53:22] [IP: ::1] [Session: d7f76ebc23244e518231004c5e44e2b1] SESSION CHECK - No active session
[2025-11-29 03:53:23] [IP: ::1] [Session: 979c69886e2d6188f5d8ca2f764dd7ab] SESSION CHECK - No active session
[2025-11-29 03:53:40] [IP: ::1] [Session: 979c69886e2d6188f5d8ca2f764dd7ab] SESSION CHECK - No active session
[2025-11-29 03:53:40] [IP: ::1] [Session: 979c69886e2d6188f5d8ca2f764dd7ab] SESSION CHECK - No active session
[2025-11-29 03:54:08] [IP: ::1] [Session: 8170d6de2f2be7853880dff53b90c155] [User ID: 8225004] SESSION CHECK - Valid session
[2025-11-29 03:58:40] [IP: ::1] [Session: 8170d6de2f2be7853880dff53b90c155] [User ID: 8225004] SESSION CHECK - Valid session
[2025-11-29 04:03:40] [IP: ::1] [Session: 8170d6de2f2be7853880dff53b90c155] [User ID: 8225004] SESSION CHECK - Valid session
[2025-11-29 04:04:19] [IP: ::1] [Session: 8170d6de2f2be7853880dff53b90c155] [User ID: 8225004] SESSION CHECK - Valid session
[2025-11-29 04:04:19] [IP: ::1] [Session: 8170d6de2f2be7853880dff53b90c155] [User ID: 8225004] SESSION CHECK - Valid session
[2025-11-29 04:09:19] [IP: ::1] [Session: 8170d6de2f2be7853880dff53b90c155] [User ID: 8225004] SESSION CHECK - Valid session
[2025-11-29 04:14:19] [IP: ::1] [Session: 8170d6de2f2be7853880dff53b90c155] [User ID: 8225004] SESSION CHECK - Valid session
[2025-11-29 04:19:20] [IP: ::1] [Session: 8170d6de2f2be7853880dff53b90c155] [User ID: 8225004] SESSION CHECK - Valid session
[2025-11-29 04:24:19] [IP: ::1] [Session: 85588f7123e87c95076ae505039697ef] SESSION CHECK - No active session
[2025-11-29 04:24:26] [IP: ::1] [Session: f6b2166d0ca03c46cfda2552e48e03bf] [User ID: 3824544] SESSION CHECK - Valid session
[2025-11-29 04:25:53] [IP: ::1] [Session: f6b2166d0ca03c46cfda2552e48e03bf] [User ID: 3824544] SESSION CHECK - Valid session
[2025-11-29 04:25:53] [IP: ::1] [Session: f6b2166d0ca03c46cfda2552e48e03bf] [User ID: 3824544] SESSION CHECK - Valid session
[2025-11-29 04:30:53] [IP: ::1] [Session: f6b2166d0ca03c46cfda2552e48e03bf] [User ID: 3824544] SESSION CHECK - Valid session
[2025-11-29 04:35:54] [IP: ::1] [Session: f6b2166d0ca03c46cfda2552e48e03bf] [User ID: 3824544] SESSION CHECK - Valid session
[2025-11-29 04:40:53] [IP: ::1] [Session: f6b2166d0ca03c46cfda2552e48e03bf] [User ID: 3824544] SESSION CHECK - Valid session
[2025-11-29 04:41:55] [IP: ::1] [Session: f6b2166d0ca03c46cfda2552e48e03bf] [User ID: 3824544] SESSION CHECK - Valid session
[2025-11-29 04:41:55] [IP: ::1] [Session: f6b2166d0ca03c46cfda2552e48e03bf] [User ID: 3824544] SESSION CHECK - Valid session
[2025-11-29 04:46:55] [IP: ::1] [Session: f6b2166d0ca03c46cfda2552e48e03bf] [User ID: 3824544] SESSION CHECK - Valid session
[2025-11-29 04:51:55] [IP: ::1] [Session: f6b2166d0ca03c46cfda2552e48e03bf] [User ID: 3824544] SESSION CHECK - Valid session
[2025-11-29 04:56:55] [IP: ::1] [Session: f6b2166d0ca03c46cfda2552e48e03bf] [User ID: 3824544] SESSION CHECK - Valid session
[2025-11-29 05:01:55] [IP: ::1] [Session: f6b2166d0ca03c46cfda2552e48e03bf] [User ID: 3824544] SESSION CHECK - Valid session
[2025-11-29 05:06:38] [IP: ::1] [Session: f6b2166d0ca03c46cfda2552e48e03bf] [User ID: 3824544] SESSION CHECK - Valid session
[2025-11-29 05:06:38] [IP: ::1] [Session: f6b2166d0ca03c46cfda2552e48e03bf] [User ID: 3824544] SESSION CHECK - Valid session
[2025-11-29 05:11:38] [IP: ::1] [Session: f6b2166d0ca03c46cfda2552e48e03bf] [User ID: 3824544] SESSION CHECK - Valid session
[2025-11-29 05:16:38] [IP: ::1] [Session: f6b2166d0ca03c46cfda2552e48e03bf] [User ID: 3824544] SESSION CHECK - Valid session
[2025-11-29 05:21:38] [IP: ::1] [Session: f6b2166d0ca03c46cfda2552e48e03bf] [User ID: 3824544] SESSION CHECK - Valid session
[2025-11-29 05:26:38] [IP: ::1] [Session: f6b2166d0ca03c46cfda2552e48e03bf] [User ID: 3824544] SESSION CHECK - Valid session
[2025-11-29 05:31:38] [IP: ::1] [Session: f6b2166d0ca03c46cfda2552e48e03bf] [User ID: 3824544] SESSION CHECK - Valid session
[2025-11-29 05:36:38] [IP: ::1] [Session: f6b2166d0ca03c46cfda2552e48e03bf] [User ID: 3824544] SESSION CHECK - Valid session
[2025-11-29 05:42:17] [IP: ::1] [Session: f6b2166d0ca03c46cfda2552e48e03bf] [User ID: 3824544] SESSION CHECK - Valid session
[2025-11-29 05:46:38] [IP: ::1] [Session: f6b2166d0ca03c46cfda2552e48e03bf] [User ID: 3824544] SESSION CHECK - Valid session
[2025-11-29 05:48:55] [IP: ::1] [Session: f6b2166d0ca03c46cfda2552e48e03bf] [User ID: 3824544] SESSION CHECK - Valid session
[2025-11-29 05:48:55] [IP: ::1] [Session: f6b2166d0ca03c46cfda2552e48e03bf] [User ID: 3824544] SESSION CHECK - Valid session
[2025-11-29 05:53:55] [IP: ::1] [Session: f6b2166d0ca03c46cfda2552e48e03bf] [User ID: 3824544] SESSION CHECK - Valid session
[2025-11-29 05:58:55] [IP: ::1] [Session: f6b2166d0ca03c46cfda2552e48e03bf] [User ID: 3824544] SESSION CHECK - Valid session
[2025-11-29 06:03:40] [IP: ::1] [Session: f6b2166d0ca03c46cfda2552e48e03bf] [User ID: 3824544] SESSION CHECK - Valid session
[2025-11-29 06:03:40] [IP: ::1] [Session: f6b2166d0ca03c46cfda2552e48e03bf] [User ID: 3824544] SESSION CHECK - Valid session
[2025-11-29 06:04:50] [IP: ::1] [Session: f6b2166d0ca03c46cfda2552e48e03bf] [User ID: 3824544] SESSION CHECK - Valid session
[2025-11-29 06:04:50] [IP: ::1] [Session: f6b2166d0ca03c46cfda2552e48e03bf] [User ID: 3824544] SESSION CHECK - Valid session
[2025-11-29 06:04:53] [IP: ::1] [Session: f6b2166d0ca03c46cfda2552e48e03bf] [User ID: 3824544] SESSION CHECK - Valid session
[2025-11-29 06:04:53] [IP: ::1] [Session: f6b2166d0ca03c46cfda2552e48e03bf] [User ID: 3824544] SESSION CHECK - Valid session
[2025-11-29 06:04:55] [IP: ::1] [Session: f6b2166d0ca03c46cfda2552e48e03bf] [User ID: 3824544] SESSION CHECK - Valid session
[2025-11-29 06:04:55] [IP: ::1] [Session: f6b2166d0ca03c46cfda2552e48e03bf] [User ID: 3824544] SESSION CHECK - Valid session
[2025-11-29 06:04:57] [IP: ::1] [Session: f6b2166d0ca03c46cfda2552e48e03bf] [User ID: 3824544] SESSION CHECK - Valid session
[2025-11-29 06:04:57] [IP: ::1] [Session: f6b2166d0ca03c46cfda2552e48e03bf] [User ID: 3824544] SESSION CHECK - Valid session
[2025-11-29 06:04:58] [IP: ::1] [Session: f6b2166d0ca03c46cfda2552e48e03bf] [User ID: 3824544] SESSION CHECK - Valid session
[2025-11-29 06:04:58] [IP: ::1] [Session: f6b2166d0ca03c46cfda2552e48e03bf] [User ID: 3824544] SESSION CHECK - Valid session
[2025-11-29 06:05:07] [IP: ::1] [Session: f6b2166d0ca03c46cfda2552e48e03bf] [User ID: 3824544] SESSION CHECK - Valid session
[2025-11-29 06:05:07] [IP: ::1] [Session: f6b2166d0ca03c46cfda2552e48e03bf] [User ID: 3824544] SESSION CHECK - Valid session
[2025-11-29 06:05:09] [IP: ::1] [Session: f6b2166d0ca03c46cfda2552e48e03bf] [User ID: 3824544] SESSION CHECK - Valid session
[2025-11-29 06:05:09] [IP: ::1] [Session: f6b2166d0ca03c46cfda2552e48e03bf] [User ID: 3824544] SESSION CHECK - Valid session
[2025-11-29 06:05:10] [IP: ::1] [Session: f6b2166d0ca03c46cfda2552e48e03bf] [User ID: 3824544] SESSION CHECK - Valid session
[2025-11-29 06:05:10] [IP: ::1] [Session: f6b2166d0ca03c46cfda2552e48e03bf] [User ID: 3824544] SESSION CHECK - Valid session
[2025-11-29 06:05:12] [IP: ::1] [Session: f6b2166d0ca03c46cfda2552e48e03bf] [User ID: 3824544] SESSION CHECK - Valid session
[2025-11-29 06:05:12] [IP: ::1] [Session: f6b2166d0ca03c46cfda2552e48e03bf] [User ID: 3824544] SESSION CHECK - Valid session
[2025-11-29 06:11:20] [IP: ::1] [Session: f6b2166d0ca03c46cfda2552e48e03bf] [User ID: 3824544] SESSION CHECK - Valid session
[2025-11-29 06:11:20] [IP: ::1] [Session: f6b2166d0ca03c46cfda2552e48e03bf] [User ID: 3824544] SESSION CHECK - Valid session
[2025-11-29 06:11:21] [IP: ::1] [Session: f6b2166d0ca03c46cfda2552e48e03bf] [User ID: 3824544] SESSION CHECK - Valid session
[2025-11-29 06:11:21] [IP: ::1] [Session: f6b2166d0ca03c46cfda2552e48e03bf] [User ID: 3824544] SESSION CHECK - Valid session
[2025-11-29 06:12:19] [IP: ::1] [Session: f6b2166d0ca03c46cfda2552e48e03bf] [User ID: 3824544] SESSION CHECK - Valid session
[2025-11-29 06:12:19] [IP: ::1] [Session: f6b2166d0ca03c46cfda2552e48e03bf] [User ID: 3824544] SESSION CHECK - Valid session
[2025-11-29 06:51:42] [IP: ::1] [Session: f6b2166d0ca03c46cfda2552e48e03bf] [User ID: 3824544] SESSION CHECK - Valid session
[2025-11-29 06:51:42] [IP: ::1] [Session: f6b2166d0ca03c46cfda2552e48e03bf] [User ID: 3824544] SESSION CHECK - Valid session
[2025-11-29 06:51:45] [IP: ::1] [Session: f6b2166d0ca03c46cfda2552e48e03bf] [User ID: 3824544] SESSION CHECK - Valid session
[2025-11-29 06:51:45] [IP: ::1] [Session: f6b2166d0ca03c46cfda2552e48e03bf] [User ID: 3824544] SESSION CHECK - Valid session
[2025-11-29 06:52:22] [IP: ::1] [Session: f6b2166d0ca03c46cfda2552e48e03bf] [User ID: 3824544] SESSION CHECK - Valid session
[2025-11-29 06:52:22] [IP: ::1] [Session: f6b2166d0ca03c46cfda2552e48e03bf] [User ID: 3824544] SESSION CHECK - Valid session
[2025-11-29 06:53:14] [IP: ::1] [Session: f6b2166d0ca03c46cfda2552e48e03bf] [User ID: 3824544] SESSION CHECK - Valid session
[2025-11-29 06:53:14] [IP: ::1] [Session: f6b2166d0ca03c46cfda2552e48e03bf] [User ID: 3824544] SESSION CHECK - Valid session
[2025-11-29 06:58:15] [IP: ::1] [Session: f6b2166d0ca03c46cfda2552e48e03bf] [User ID: 3824544] SESSION CHECK - Valid session
[2025-11-29 06:59:21] [IP: ::1] [Session: f6b2166d0ca03c46cfda2552e48e03bf] [User ID: 3824544] SESSION CHECK - Valid session
[2025-11-29 06:59:21] [IP: ::1] [Session: f6b2166d0ca03c46cfda2552e48e03bf] [User ID: 3824544] SESSION CHECK - Valid session
[2025-11-29 07:03:35] [IP: ::1] [Session: f6b2166d0ca03c46cfda2552e48e03bf] [User ID: 3824544] SESSION CHECK - Valid session
[2025-11-29 07:03:35] [IP: ::1] [Session: f6b2166d0ca03c46cfda2552e48e03bf] [User ID: 3824544] SESSION CHECK - Valid session
[2025-11-29 07:03:38] [IP: ::1] [Session: f6b2166d0ca03c46cfda2552e48e03bf] [User ID: 3824544] SESSION CHECK - Valid session
[2025-11-29 07:03:38] [IP: ::1] [Session: f6b2166d0ca03c46cfda2552e48e03bf] [User ID: 3824544] SESSION CHECK - Valid session
[2025-11-29 07:05:56] [IP: ::1] [Session: f6b2166d0ca03c46cfda2552e48e03bf] [User ID: 3824544] SESSION CHECK - Valid session
[2025-11-29 07:05:56] [IP: ::1] [Session: f6b2166d0ca03c46cfda2552e48e03bf] [User ID: 3824544] SESSION CHECK - Valid session
[2025-11-29 07:06:02] [IP: ::1] [Session: f6b2166d0ca03c46cfda2552e48e03bf] [User ID: 3824544] SESSION CHECK - Valid session
[2025-11-29 07:06:02] [IP: ::1] [Session: f6b2166d0ca03c46cfda2552e48e03bf] [User ID: 3824544] SESSION CHECK - Valid session
[2025-11-29 07:07:09] [IP: ::1] [Session: f6b2166d0ca03c46cfda2552e48e03bf] [User ID: 3824544] SESSION CHECK - Valid session
[2025-11-29 07:07:09] [IP: ::1] [Session: f6b2166d0ca03c46cfda2552e48e03bf] [User ID: 3824544] SESSION CHECK - Valid session
[2025-11-29 07:07:10] [IP: ::1] [Session: f6b2166d0ca03c46cfda2552e48e03bf] [User ID: 3824544] SESSION CHECK - Valid session
[2025-11-29 07:07:10] [IP: ::1] [Session: f6b2166d0ca03c46cfda2552e48e03bf] [User ID: 3824544] SESSION CHECK - Valid session
[2025-11-29 07:07:50] [IP: ::1] [Session: f6b2166d0ca03c46cfda2552e48e03bf] [User ID: 3824544] SESSION CHECK - Valid session
[2025-11-29 07:07:50] [IP: ::1] [Session: f6b2166d0ca03c46cfda2552e48e03bf] [User ID: 3824544] SESSION CHECK - Valid session
[2025-11-29 07:08:18] [IP: ::1] [Session: f6b2166d0ca03c46cfda2552e48e03bf] [User ID: 3824544] SESSION CHECK - Valid session
[2025-11-29 07:08:18] [IP: ::1] [Session: f6b2166d0ca03c46cfda2552e48e03bf] [User ID: 3824544] SESSION CHECK - Valid session
[2025-11-29 07:11:18] [IP: ::1] [Session: f6b2166d0ca03c46cfda2552e48e03bf] [User ID: 3824544] SESSION CHECK - Valid session
[2025-11-29 07:11:18] [IP: ::1] [Session: f6b2166d0ca03c46cfda2552e48e03bf] [User ID: 3824544] SESSION CHECK - Valid session
[2025-11-29 07:13:38] [IP: ::1] [Session: f6b2166d0ca03c46cfda2552e48e03bf] [User ID: 3824544] SESSION CHECK - Valid session
[2025-11-29 07:13:38] [IP: ::1] [Session: f6b2166d0ca03c46cfda2552e48e03bf] [User ID: 3824544] SESSION CHECK - Valid session
[2025-11-29 07:18:38] [IP: ::1] [Session: f6b2166d0ca03c46cfda2552e48e03bf] [User ID: 3824544] SESSION CHECK - Valid session
[2025-11-29 07:23:39] [IP: ::1] [Session: f6b2166d0ca03c46cfda2552e48e03bf] [User ID: 3824544] SESSION CHECK - Valid session
[2025-11-29 07:28:39] [IP: ::1] [Session: f6b2166d0ca03c46cfda2552e48e03bf] [User ID: 3824544] SESSION CHECK - Valid session
[2025-11-29 07:29:10] [IP: ::1] [Session: f6b2166d0ca03c46cfda2552e48e03bf] [User ID: 3824544] SESSION CHECK - Valid session
[2025-11-29 07:29:10] [IP: ::1] [Session: f6b2166d0ca03c46cfda2552e48e03bf] [User ID: 3824544] SESSION CHECK - Valid session
[2025-11-29 07:31:19] [IP: ::1] [Session: f6b2166d0ca03c46cfda2552e48e03bf] [User ID: 3824544] SESSION CHECK - Valid session
[2025-11-29 07:31:19] [IP: ::1] [Session: f6b2166d0ca03c46cfda2552e48e03bf] [User ID: 3824544] SESSION CHECK - Valid session
[2025-11-29 07:31:35] [IP: ::1] [Session: f6b2166d0ca03c46cfda2552e48e03bf] [User ID: 3824544] SESSION CHECK - Valid session
[2025-11-29 07:31:35] [IP: ::1] [Session: f6b2166d0ca03c46cfda2552e48e03bf] [User ID: 3824544] SESSION CHECK - Valid session
[2025-11-29 07:33:26] [IP: ::1] [Session: f6b2166d0ca03c46cfda2552e48e03bf] [User ID: 3824544] SESSION CHECK - Valid session
[2025-11-29 07:33:26] [IP: ::1] [Session: f6b2166d0ca03c46cfda2552e48e03bf] [User ID: 3824544] SESSION CHECK - Valid session
[2025-11-29 07:33:27] [IP: ::1] [Session: f6b2166d0ca03c46cfda2552e48e03bf] [User ID: 3824544] SESSION CHECK - Valid session
[2025-11-29 07:33:27] [IP: ::1] [Session: f6b2166d0ca03c46cfda2552e48e03bf] [User ID: 3824544] SESSION CHECK - Valid session
[2025-11-29 07:33:28] [IP: ::1] [Session: f6b2166d0ca03c46cfda2552e48e03bf] [User ID: 3824544] SESSION CHECK - Valid session
[2025-11-29 07:33:28] [IP: ::1] [Session: f6b2166d0ca03c46cfda2552e48e03bf] [User ID: 3824544] SESSION CHECK - Valid session
[2025-11-29 07:33:30] [IP: ::1] [Session: f6b2166d0ca03c46cfda2552e48e03bf] [User ID: 3824544] SESSION CHECK - Valid session
[2025-11-29 07:33:30] [IP: ::1] [Session: f6b2166d0ca03c46cfda2552e48e03bf] [User ID: 3824544] SESSION CHECK - Valid session
[2025-11-29 07:34:50] [IP: ::1] [Session: f6b2166d0ca03c46cfda2552e48e03bf] [User ID: 3824544] SESSION CHECK - Valid session
[2025-11-29 07:34:50] [IP: ::1] [Session: f6b2166d0ca03c46cfda2552e48e03bf] [User ID: 3824544] SESSION CHECK - Valid session
[2025-11-29 07:34:55] [IP: ::1] [Session: f6b2166d0ca03c46cfda2552e48e03bf] [User ID: 3824544] SESSION CHECK - Valid session
[2025-11-29 07:34:55] [IP: ::1] [Session: f6b2166d0ca03c46cfda2552e48e03bf] [User ID: 3824544] SESSION CHECK - Valid session
[2025-11-29 07:35:19] [IP: ::1] [Session: f6b2166d0ca03c46cfda2552e48e03bf] [User ID: 3824544] SESSION CHECK - Valid session
[2025-11-29 07:35:19] [IP: ::1] [Session: f6b2166d0ca03c46cfda2552e48e03bf] [User ID: 3824544] SESSION CHECK - Valid session
[2025-11-29 07:35:29] [IP: ::1] [Session: f6b2166d0ca03c46cfda2552e48e03bf] [User ID: 3824544] SESSION CHECK - Valid session
[2025-11-29 07:35:29] [IP: ::1] [Session: f6b2166d0ca03c46cfda2552e48e03bf] [User ID: 3824544] SESSION CHECK - Valid session
[2025-11-29 07:36:06] [IP: ::1] [Session: f6b2166d0ca03c46cfda2552e48e03bf] [User ID: 3824544] SESSION CHECK - Valid session
[2025-11-29 07:36:06] [IP: ::1] [Session: f6b2166d0ca03c46cfda2552e48e03bf] [User ID: 3824544] SESSION CHECK - Valid session
[2025-11-29 07:36:11] [IP: ::1] [Session: f6b2166d0ca03c46cfda2552e48e03bf] [User ID: 3824544] SESSION CHECK - Valid session
[2025-11-29 07:36:11] [IP: ::1] [Session: f6b2166d0ca03c46cfda2552e48e03bf] [User ID: 3824544] SESSION CHECK - Valid session
[2025-11-29 07:36:15] [IP: ::1] [Session: f6b2166d0ca03c46cfda2552e48e03bf] [User ID: 3824544] SESSION CHECK - Valid session
[2025-11-29 07:36:15] [IP: ::1] [Session: f6b2166d0ca03c46cfda2552e48e03bf] [User ID: 3824544] SESSION CHECK - Valid session
[2025-11-29 07:36:25] [IP: ::1] [Session: f6b2166d0ca03c46cfda2552e48e03bf] [User ID: 3824544] SESSION CHECK - Valid session
[2025-11-29 07:36:25] [IP: ::1] [Session: f6b2166d0ca03c46cfda2552e48e03bf] [User ID: 3824544] SESSION CHECK - Valid session
[2025-11-29 07:37:22] [IP: ::1] [Session: f6b2166d0ca03c46cfda2552e48e03bf] [User ID: 3824544] SESSION CHECK - Valid session
[2025-11-29 07:37:22] [IP: ::1] [Session: f6b2166d0ca03c46cfda2552e48e03bf] [User ID: 3824544] SESSION CHECK - Valid session
[2025-11-29 07:37:26] [IP: ::1] [Session: f6b2166d0ca03c46cfda2552e48e03bf] [User ID: 3824544] SESSION CHECK - Valid session
[2025-11-29 07:37:26] [IP: ::1] [Session: f6b2166d0ca03c46cfda2552e48e03bf] [User ID: 3824544] SESSION CHECK - Valid session
[2025-11-29 07:37:31] [IP: ::1] [Session: f6b2166d0ca03c46cfda2552e48e03bf] [User ID: 3824544] SESSION CHECK - Valid session
[2025-11-29 07:37:31] [IP: ::1] [Session: f6b2166d0ca03c46cfda2552e48e03bf] [User ID: 3824544] SESSION CHECK - Valid session
[2025-11-29 07:37:34] [IP: ::1] [Session: f6b2166d0ca03c46cfda2552e48e03bf] [User ID: 3824544] SESSION CHECK - Valid session
[2025-11-29 07:37:34] [IP: ::1] [Session: f6b2166d0ca03c46cfda2552e48e03bf] [User ID: 3824544] SESSION CHECK - Valid session
[2025-11-29 07:37:40] [IP: ::1] [Session: f6b2166d0ca03c46cfda2552e48e03bf] [User ID: 3824544] SESSION CHECK - Valid session
[2025-11-29 07:37:40] [IP: ::1] [Session: f6b2166d0ca03c46cfda2552e48e03bf] [User ID: 3824544] SESSION CHECK - Valid session
[2025-11-29 07:38:25] [IP: ::1] [Session: f6b2166d0ca03c46cfda2552e48e03bf] [User ID: 3824544] SESSION CHECK - Valid session
[2025-11-29 07:38:25] [IP: ::1] [Session: f6b2166d0ca03c46cfda2552e48e03bf] [User ID: 3824544] SESSION CHECK - Valid session
[2025-11-29 07:39:41] [IP: ::1] [Session: f6b2166d0ca03c46cfda2552e48e03bf] [User ID: 3824544] SESSION CHECK - Valid session
[2025-11-29 07:39:41] [IP: ::1] [Session: f6b2166d0ca03c46cfda2552e48e03bf] [User ID: 3824544] SESSION CHECK - Valid session
[2025-11-29 07:40:44] [IP: ::1] [Session: f6b2166d0ca03c46cfda2552e48e03bf] [User ID: 3824544] SESSION CHECK - Valid session
[2025-11-29 07:40:44] [IP: ::1] [Session: f6b2166d0ca03c46cfda2552e48e03bf] [User ID: 3824544] SESSION CHECK - Valid session
[2025-11-29 07:40:46] [IP: ::1] [Session: f6b2166d0ca03c46cfda2552e48e03bf] [User ID: 3824544] SESSION CHECK - Valid session
[2025-11-29 07:40:46] [IP: ::1] [Session: f6b2166d0ca03c46cfda2552e48e03bf] [User ID: 3824544] SESSION CHECK - Valid session
[2025-11-29 07:45:46] [IP: ::1] [Session: f6b2166d0ca03c46cfda2552e48e03bf] [User ID: 3824544] SESSION CHECK - Valid session
[2025-11-29 07:49:10] [IP: ::1] [Session: f6b2166d0ca03c46cfda2552e48e03bf] [User ID: 3824544] SESSION CHECK - Valid session
[2025-11-29 07:49:11] [IP: ::1] [Session: f6b2166d0ca03c46cfda2552e48e03bf] [User ID: 3824544] SESSION CHECK - Valid session
[2025-11-29 07:54:10] [IP: ::1] [Session: f6b2166d0ca03c46cfda2552e48e03bf] [User ID: 3824544] SESSION CHECK - Valid session
[2025-11-29 07:59:10] [IP: ::1] [Session: f6b2166d0ca03c46cfda2552e48e03bf] [User ID: 3824544] SESSION CHECK - Valid session
[2025-11-29 08:04:10] [IP: ::1] [Session: f6b2166d0ca03c46cfda2552e48e03bf] [User ID: 3824544] SESSION CHECK - Valid session
[2025-11-29 08:09:11] [IP: ::1] [Session: f6b2166d0ca03c46cfda2552e48e03bf] [User ID: 3824544] SESSION CHECK - Valid session
[2025-11-29 08:11:19] [IP: ::1] [Session: f6b2166d0ca03c46cfda2552e48e03bf] [User ID: 3824544] SESSION CHECK - Valid session
[2025-11-29 08:11:19] [IP: ::1] [Session: f6b2166d0ca03c46cfda2552e48e03bf] [User ID: 3824544] SESSION CHECK - Valid session
[2025-11-29 08:11:37] [IP: ::1] [Session: f6b2166d0ca03c46cfda2552e48e03bf] [User ID: 3824544] SESSION CHECK - Valid session
[2025-11-29 08:11:37] [IP: ::1] [Session: f6b2166d0ca03c46cfda2552e48e03bf] [User ID: 3824544] SESSION CHECK - Valid session
[2025-11-29 08:11:52] [IP: ::1] [Session: f6b2166d0ca03c46cfda2552e48e03bf] [User ID: 3824544] SESSION CHECK - Valid session
[2025-11-29 08:11:52] [IP: ::1] [Session: f6b2166d0ca03c46cfda2552e48e03bf] [User ID: 3824544] SESSION CHECK - Valid session
[2025-11-29 08:12:02] [IP: ::1] [Session: f6b2166d0ca03c46cfda2552e48e03bf] [User ID: 3824544] SESSION CHECK - Valid session
[2025-11-29 08:12:02] [IP: ::1] [Session: f6b2166d0ca03c46cfda2552e48e03bf] [User ID: 3824544] SESSION CHECK - Valid session
[2025-11-29 08:12:05] [IP: ::1] [Session: f6b2166d0ca03c46cfda2552e48e03bf] [User ID: 3824544] SESSION CHECK - Valid session
[2025-11-29 08:12:05] [IP: ::1] [Session: f6b2166d0ca03c46cfda2552e48e03bf] [User ID: 3824544] SESSION CHECK - Valid session
[2025-11-29 08:12:12] [IP: ::1] [Session: f6b2166d0ca03c46cfda2552e48e03bf] [User ID: 3824544] SESSION CHECK - Valid session
[2025-11-29 08:12:12] [IP: ::1] [Session: f6b2166d0ca03c46cfda2552e48e03bf] [User ID: 3824544] SESSION CHECK - Valid session
[2025-11-29 08:12:15] [IP: ::1] [Session: f6b2166d0ca03c46cfda2552e48e03bf] [User ID: 3824544] SESSION CHECK - Valid session
[2025-11-29 08:12:15] [IP: ::1] [Session: f6b2166d0ca03c46cfda2552e48e03bf] [User ID: 3824544] SESSION CHECK - Valid session
[2025-11-29 08:12:21] [IP: ::1] [Session: f6b2166d0ca03c46cfda2552e48e03bf] [User ID: 3824544] SESSION CHECK - Valid session
[2025-11-29 08:12:21] [IP: ::1] [Session: f6b2166d0ca03c46cfda2552e48e03bf] [User ID: 3824544] SESSION CHECK - Valid session
[2025-11-29 08:12:31] [IP: ::1] [Session: f6b2166d0ca03c46cfda2552e48e03bf] [User ID: 3824544] SESSION CHECK - Valid session
[2025-11-29 08:12:31] [IP: ::1] [Session: f6b2166d0ca03c46cfda2552e48e03bf] [User ID: 3824544] SESSION CHECK - Valid session
[2025-11-29 08:12:34] [IP: ::1] [Session: f6b2166d0ca03c46cfda2552e48e03bf] [User ID: 3824544] SESSION CHECK - Valid session
[2025-11-29 08:12:34] [IP: ::1] [Session: f6b2166d0ca03c46cfda2552e48e03bf] [User ID: 3824544] SESSION CHECK - Valid session
[2025-11-29 08:12:56] [IP: ::1] [Session: f6b2166d0ca03c46cfda2552e48e03bf] [User ID: 3824544] SESSION CHECK - Valid session
[2025-11-29 08:12:56] [IP: ::1] [Session: f6b2166d0ca03c46cfda2552e48e03bf] [User ID: 3824544] SESSION CHECK - Valid session
[2025-11-29 08:16:37] [IP: ::1] [Session: f6b2166d0ca03c46cfda2552e48e03bf] [User ID: 3824544] SESSION CHECK - Valid session
[2025-11-29 08:16:37] [IP: ::1] [Session: f6b2166d0ca03c46cfda2552e48e03bf] [User ID: 3824544] SESSION CHECK - Valid session
[2025-11-29 08:17:00] [IP: ::1] [Session: f6b2166d0ca03c46cfda2552e48e03bf] [User ID: 3824544] SESSION CHECK - Valid session
[2025-11-29 08:17:00] [IP: ::1] [Session: f6b2166d0ca03c46cfda2552e48e03bf] [User ID: 3824544] SESSION CHECK - Valid session
[2025-11-29 08:17:30] [IP: ::1] [Session: f6b2166d0ca03c46cfda2552e48e03bf] [User ID: 3824544] SESSION CHECK - Valid session
[2025-11-29 08:17:30] [IP: ::1] [Session: f6b2166d0ca03c46cfda2552e48e03bf] [User ID: 3824544] SESSION CHECK - Valid session
[2025-11-29 08:17:39] [IP: ::1] [Session: f6b2166d0ca03c46cfda2552e48e03bf] [User ID: 3824544] SESSION CHECK - Valid session
[2025-11-29 08:17:39] [IP: ::1] [Session: f6b2166d0ca03c46cfda2552e48e03bf] [User ID: 3824544] SESSION CHECK - Valid session
[2025-11-29 08:17:41] [IP: ::1] [Session: f6b2166d0ca03c46cfda2552e48e03bf] [User ID: 3824544] SESSION CHECK - Valid session
[2025-11-29 08:17:41] [IP: ::1] [Session: f6b2166d0ca03c46cfda2552e48e03bf] [User ID: 3824544] SESSION CHECK - Valid session
[2025-11-29 08:17:45] [IP: ::1] [Session: f6b2166d0ca03c46cfda2552e48e03bf] [User ID: 3824544] SESSION CHECK - Valid session
[2025-11-29 08:17:45] [IP: ::1] [Session: f6b2166d0ca03c46cfda2552e48e03bf] [User ID: 3824544] SESSION CHECK - Valid session
[2025-11-29 08:21:14] [IP: ::1] [Session: f6b2166d0ca03c46cfda2552e48e03bf] [User ID: 3824544] SESSION CHECK - Valid session
[2025-11-29 08:21:14] [IP: ::1] [Session: f6b2166d0ca03c46cfda2552e48e03bf] [User ID: 3824544] SESSION CHECK - Valid session
[2025-11-29 08:21:18] [IP: ::1] [Session: f6b2166d0ca03c46cfda2552e48e03bf] [User ID: 3824544] SESSION CHECK - Valid session
[2025-11-29 08:21:18] [IP: ::1] [Session: f6b2166d0ca03c46cfda2552e48e03bf] [User ID: 3824544] SESSION CHECK - Valid session
[2025-11-29 08:21:28] [IP: ::1] [Session: f6b2166d0ca03c46cfda2552e48e03bf] [User ID: 3824544] SESSION CHECK - Valid session
[2025-11-29 08:21:28] [IP: ::1] [Session: f6b2166d0ca03c46cfda2552e48e03bf] [User ID: 3824544] SESSION CHECK - Valid session
[2025-11-29 08:23:53] [IP: ::1] [Session: f6b2166d0ca03c46cfda2552e48e03bf] [User ID: 3824544] SESSION CHECK - Valid session
[2025-11-29 08:23:53] [IP: ::1] [Session: f6b2166d0ca03c46cfda2552e48e03bf] [User ID: 3824544] SESSION CHECK - Valid session
[2025-11-29 08:23:58] [IP: ::1] [Session: f6b2166d0ca03c46cfda2552e48e03bf] [User ID: 3824544] SESSION CHECK - Valid session
[2025-11-29 08:23:58] [IP: ::1] [Session: f6b2166d0ca03c46cfda2552e48e03bf] [User ID: 3824544] SESSION CHECK - Valid session
[2025-11-29 08:24:02] [IP: ::1] [Session: f6b2166d0ca03c46cfda2552e48e03bf] [User ID: 3824544] SESSION CHECK - Valid session
[2025-11-29 08:24:02] [IP: ::1] [Session: f6b2166d0ca03c46cfda2552e48e03bf] [User ID: 3824544] SESSION CHECK - Valid session
[2025-11-29 08:24:20] [IP: ::1] [Session: f6b2166d0ca03c46cfda2552e48e03bf] [User ID: 3824544] SESSION CHECK - Valid session
[2025-11-29 08:24:20] [IP: ::1] [Session: f6b2166d0ca03c46cfda2552e48e03bf] [User ID: 3824544] SESSION CHECK - Valid session
[2025-11-29 08:24:30] [IP: ::1] [Session: f6b2166d0ca03c46cfda2552e48e03bf] [User ID: 3824544] SESSION CHECK - Valid session
[2025-11-29 08:24:30] [IP: ::1] [Session: f6b2166d0ca03c46cfda2552e48e03bf] [User ID: 3824544] SESSION CHECK - Valid session
[2025-11-29 08:24:35] [IP: ::1] [Session: f6b2166d0ca03c46cfda2552e48e03bf] [User ID: 3824544] SESSION CHECK - Valid session
[2025-11-29 08:24:35] [IP: ::1] [Session: f6b2166d0ca03c46cfda2552e48e03bf] [User ID: 3824544] SESSION CHECK - Valid session
[2025-11-29 08:24:37] [IP: ::1] [Session: f6b2166d0ca03c46cfda2552e48e03bf] [User ID: 3824544] SESSION CHECK - Valid session
[2025-11-29 08:24:37] [IP: ::1] [Session: f6b2166d0ca03c46cfda2552e48e03bf] [User ID: 3824544] SESSION CHECK - Valid session
[2025-11-29 08:25:50] [IP: ::1] [Session: f6b2166d0ca03c46cfda2552e48e03bf] [User ID: 3824544] SESSION CHECK - Valid session
[2025-11-29 08:25:50] [IP: ::1] [Session: f6b2166d0ca03c46cfda2552e48e03bf] [User ID: 3824544] SESSION CHECK - Valid session
[2025-11-29 08:25:55] [IP: ::1] [Session: f6b2166d0ca03c46cfda2552e48e03bf] [User ID: 3824544] SESSION CHECK - Valid session
[2025-11-29 08:25:55] [IP: ::1] [Session: f6b2166d0ca03c46cfda2552e48e03bf] [User ID: 3824544] SESSION CHECK - Valid session
[2025-11-29 08:26:45] [IP: ::1] [Session: f6b2166d0ca03c46cfda2552e48e03bf] [User ID: 3824544] SESSION CHECK - Valid session
[2025-11-29 08:26:45] [IP: ::1] [Session: f6b2166d0ca03c46cfda2552e48e03bf] [User ID: 3824544] SESSION CHECK - Valid session
[2025-11-29 08:26:50] [IP: ::1] [Session: f6b2166d0ca03c46cfda2552e48e03bf] [User ID: 3824544] SESSION CHECK - Valid session
[2025-11-29 08:26:50] [IP: ::1] [Session: f6b2166d0ca03c46cfda2552e48e03bf] [User ID: 3824544] SESSION CHECK - Valid session
[2025-11-29 08:26:52] [IP: ::1] [Session: f6b2166d0ca03c46cfda2552e48e03bf] [User ID: 3824544] SESSION CHECK - Valid session
[2025-11-29 08:26:52] [IP: ::1] [Session: f6b2166d0ca03c46cfda2552e48e03bf] [User ID: 3824544] SESSION CHECK - Valid session
[2025-11-29 08:26:56] [IP: ::1] [Session: f6b2166d0ca03c46cfda2552e48e03bf] [User ID: 3824544] SESSION CHECK - Valid session
[2025-11-29 08:26:56] [IP: ::1] [Session: f6b2166d0ca03c46cfda2552e48e03bf] [User ID: 3824544] SESSION CHECK - Valid session
[2025-11-29 08:29:46] [IP: ::1] [Session: f6b2166d0ca03c46cfda2552e48e03bf] [User ID: 3824544] SESSION CHECK - Valid session
[2025-11-29 08:29:46] [IP: ::1] [Session: f6b2166d0ca03c46cfda2552e48e03bf] [User ID: 3824544] SESSION CHECK - Valid session
[2025-11-29 08:29:54] [IP: ::1] [Session: f6b2166d0ca03c46cfda2552e48e03bf] [User ID: 3824544] SESSION CHECK - Valid session
[2025-11-29 08:29:54] [IP: ::1] [Session: f6b2166d0ca03c46cfda2552e48e03bf] [User ID: 3824544] SESSION CHECK - Valid session
[2025-11-29 08:29:56] [IP: ::1] [Session: f6b2166d0ca03c46cfda2552e48e03bf] [User ID: 3824544] SESSION CHECK - Valid session
[2025-11-29 08:29:56] [IP: ::1] [Session: f6b2166d0ca03c46cfda2552e48e03bf] [User ID: 3824544] SESSION CHECK - Valid session
[2025-11-29 08:30:50] [IP: ::1] [Session: f6b2166d0ca03c46cfda2552e48e03bf] [User ID: 3824544] SESSION CHECK - Valid session
[2025-11-29 08:30:50] [IP: ::1] [Session: f6b2166d0ca03c46cfda2552e48e03bf] [User ID: 3824544] SESSION CHECK - Valid session
[2025-11-29 08:32:26] [IP: ::1] [Session: f6b2166d0ca03c46cfda2552e48e03bf] [User ID: 3824544] SESSION CHECK - Valid session
[2025-11-29 08:32:26] [IP: ::1] [Session: f6b2166d0ca03c46cfda2552e48e03bf] [User ID: 3824544] SESSION CHECK - Valid session
[2025-11-29 08:32:28] [IP: ::1] [Session: f6b2166d0ca03c46cfda2552e48e03bf] [User ID: 3824544] SESSION CHECK - Valid session
[2025-11-29 08:32:28] [IP: ::1] [Session: f6b2166d0ca03c46cfda2552e48e03bf] [User ID: 3824544] SESSION CHECK - Valid session
[2025-11-29 08:32:41] [IP: ::1] [Session: f6b2166d0ca03c46cfda2552e48e03bf] [User ID: 3824544] SESSION CHECK - Valid session
[2025-11-29 08:32:41] [IP: ::1] [Session: f6b2166d0ca03c46cfda2552e48e03bf] [User ID: 3824544] SESSION CHECK - Valid session
[2025-11-29 08:32:46] [IP: ::1] [Session: f6b2166d0ca03c46cfda2552e48e03bf] [User ID: 3824544] SESSION CHECK - Valid session
[2025-11-29 08:32:46] [IP: ::1] [Session: f6b2166d0ca03c46cfda2552e48e03bf] [User ID: 3824544] SESSION CHECK - Valid session
[2025-11-29 08:32:49] [IP: ::1] [Session: f6b2166d0ca03c46cfda2552e48e03bf] [User ID: 3824544] SESSION CHECK - Valid session
[2025-11-29 08:32:49] [IP: ::1] [Session: f6b2166d0ca03c46cfda2552e48e03bf] [User ID: 3824544] SESSION CHECK - Valid session
[2025-11-29 08:33:42] [IP: ::1] [Session: f6b2166d0ca03c46cfda2552e48e03bf] [User ID: 3824544] SESSION CHECK - Valid session
[2025-11-29 08:33:42] [IP: ::1] [Session: f6b2166d0ca03c46cfda2552e48e03bf] [User ID: 3824544] SESSION CHECK - Valid session
[2025-11-29 08:33:44] [IP: ::1] [Session: f6b2166d0ca03c46cfda2552e48e03bf] [User ID: 3824544] SESSION CHECK - Valid session
[2025-11-29 08:33:44] [IP: ::1] [Session: f6b2166d0ca03c46cfda2552e48e03bf] [User ID: 3824544] SESSION CHECK - Valid session
[2025-11-29 08:33:46] [IP: ::1] [Session: f6b2166d0ca03c46cfda2552e48e03bf] [User ID: 3824544] SESSION CHECK - Valid session
[2025-11-29 08:33:46] [IP: ::1] [Session: f6b2166d0ca03c46cfda2552e48e03bf] [User ID: 3824544] SESSION CHECK - Valid session
[2025-11-29 08:33:47] [IP: ::1] [Session: f6b2166d0ca03c46cfda2552e48e03bf] [User ID: 3824544] SESSION CHECK - Valid session
[2025-11-29 08:33:47] [IP: ::1] [Session: f6b2166d0ca03c46cfda2552e48e03bf] [User ID: 3824544] SESSION CHECK - Valid session
[2025-11-29 08:33:50] [IP: ::1] [Session: f6b2166d0ca03c46cfda2552e48e03bf] [User ID: 3824544] SESSION CHECK - Valid session
[2025-11-29 08:33:50] [IP: ::1] [Session: f6b2166d0ca03c46cfda2552e48e03bf] [User ID: 3824544] SESSION CHECK - Valid session
[2025-11-29 08:33:57] [IP: ::1] [Session: f6b2166d0ca03c46cfda2552e48e03bf] [User ID: 3824544] SESSION CHECK - Valid session
[2025-11-29 08:33:57] [IP: ::1] [Session: f6b2166d0ca03c46cfda2552e48e03bf] [User ID: 3824544] SESSION CHECK - Valid session
[2025-11-29 08:34:01] [IP: ::1] [Session: f6b2166d0ca03c46cfda2552e48e03bf] [User ID: 3824544] SESSION CHECK - Valid session
[2025-11-29 08:34:01] [IP: ::1] [Session: f6b2166d0ca03c46cfda2552e48e03bf] [User ID: 3824544] SESSION CHECK - Valid session
[2025-11-29 08:34:44] [IP: ::1] [Session: f6b2166d0ca03c46cfda2552e48e03bf] [User ID: 3824544] SESSION CHECK - Valid session
[2025-11-29 08:34:44] [IP: ::1] [Session: f6b2166d0ca03c46cfda2552e48e03bf] [User ID: 3824544] SESSION CHECK - Valid session
[2025-11-29 08:34:54] [IP: ::1] [Session: f6b2166d0ca03c46cfda2552e48e03bf] [User ID: 3824544] SESSION CHECK - Valid session
[2025-11-29 08:34:54] [IP: ::1] [Session: f6b2166d0ca03c46cfda2552e48e03bf] [User ID: 3824544] SESSION CHECK - Valid session
[2025-11-29 08:35:37] [IP: ::1] [Session: f6b2166d0ca03c46cfda2552e48e03bf] [User ID: 3824544] SESSION CHECK - Valid session
[2025-11-29 08:35:37] [IP: ::1] [Session: f6b2166d0ca03c46cfda2552e48e03bf] [User ID: 3824544] SESSION CHECK - Valid session
[2025-11-29 08:35:40] [IP: ::1] [Session: f6b2166d0ca03c46cfda2552e48e03bf] [User ID: 3824544] SESSION CHECK - Valid session
[2025-11-29 08:35:40] [IP: ::1] [Session: f6b2166d0ca03c46cfda2552e48e03bf] [User ID: 3824544] SESSION CHECK - Valid session
[2025-11-29 08:35:41] [IP: ::1] [Session: f6b2166d0ca03c46cfda2552e48e03bf] [User ID: 3824544] SESSION CHECK - Valid session
[2025-11-29 08:35:41] [IP: ::1] [Session: f6b2166d0ca03c46cfda2552e48e03bf] [User ID: 3824544] SESSION CHECK - Valid session
[2025-11-29 08:40:41] [IP: ::1] [Session: f6b2166d0ca03c46cfda2552e48e03bf] [User ID: 3824544] SESSION CHECK - Valid session
[2025-11-29 08:45:41] [IP: ::1] [Session: f6b2166d0ca03c46cfda2552e48e03bf] [User ID: 3824544] SESSION CHECK - Valid session
[2025-11-29 08:48:03] [IP: ::1] [Session: f6b2166d0ca03c46cfda2552e48e03bf] [User ID: 3824544] SESSION CHECK - Valid session
[2025-11-29 08:48:03] [IP: ::1] [Session: f6b2166d0ca03c46cfda2552e48e03bf] [User ID: 3824544] SESSION CHECK - Valid session
[2025-11-29 08:52:34] [IP: ::1] [Session: f6b2166d0ca03c46cfda2552e48e03bf] [User ID: 3824544] SESSION CHECK - Valid session
[2025-11-29 08:52:34] [IP: ::1] [Session: f6b2166d0ca03c46cfda2552e48e03bf] [User ID: 3824544] SESSION CHECK - Valid session
[2025-11-29 08:58:04] [IP: ::1] [Session: f6b2166d0ca03c46cfda2552e48e03bf] [User ID: 3824544] SESSION CHECK - Valid session
[2025-11-29 08:58:04] [IP: ::1] [Session: f6b2166d0ca03c46cfda2552e48e03bf] [User ID: 3824544] SESSION CHECK - Valid session
[2025-11-29 08:58:07] [IP: ::1] [Session: f6b2166d0ca03c46cfda2552e48e03bf] [User ID: 3824544] SESSION CHECK - Valid session
[2025-11-29 08:58:07] [IP: ::1] [Session: f6b2166d0ca03c46cfda2552e48e03bf] [User ID: 3824544] SESSION CHECK - Valid session
[2025-11-29 08:58:13] [IP: ::1] [Session: f6b2166d0ca03c46cfda2552e48e03bf] [User ID: 3824544] SESSION CHECK - Valid session
[2025-11-29 08:58:13] [IP: ::1] [Session: f6b2166d0ca03c46cfda2552e48e03bf] [User ID: 3824544] SESSION CHECK - Valid session
[2025-11-29 08:58:41] [IP: ::1] [Session: f6b2166d0ca03c46cfda2552e48e03bf] [User ID: 3824544] SESSION CHECK - Valid session
[2025-11-29 08:58:41] [IP: ::1] [Session: f6b2166d0ca03c46cfda2552e48e03bf] [User ID: 3824544] SESSION CHECK - Valid session
[2025-11-29 08:58:57] [IP: ::1] [Session: f6b2166d0ca03c46cfda2552e48e03bf] [User ID: 3824544] SESSION CHECK - Valid session
[2025-11-29 08:58:57] [IP: ::1] [Session: f6b2166d0ca03c46cfda2552e48e03bf] [User ID: 3824544] SESSION CHECK - Valid session
[2025-11-29 08:59:06] [IP: ::1] [Session: f6b2166d0ca03c46cfda2552e48e03bf] [User ID: 3824544] SESSION CHECK - Valid session
[2025-11-29 08:59:06] [IP: ::1] [Session: f6b2166d0ca03c46cfda2552e48e03bf] [User ID: 3824544] SESSION CHECK - Valid session
[2025-11-29 08:59:10] [IP: ::1] [Session: f6b2166d0ca03c46cfda2552e48e03bf] [User ID: 3824544] SESSION CHECK - Valid session
[2025-11-29 08:59:10] [IP: ::1] [Session: f6b2166d0ca03c46cfda2552e48e03bf] [User ID: 3824544] SESSION CHECK - Valid session
[2025-11-29 09:00:14] [IP: ::1] [Session: f6b2166d0ca03c46cfda2552e48e03bf] [User ID: 3824544] SESSION CHECK - Valid session
[2025-11-29 09:00:14] [IP: ::1] [Session: f6b2166d0ca03c46cfda2552e48e03bf] [User ID: 3824544] SESSION CHECK - Valid session
[2025-11-29 09:00:26] [IP: ::1] [Session: f6b2166d0ca03c46cfda2552e48e03bf] [User ID: 3824544] SESSION CHECK - Valid session
[2025-11-29 09:00:27] [IP: ::1] [Session: f6b2166d0ca03c46cfda2552e48e03bf] [User ID: 3824544] SESSION CHECK - Valid session
[2025-11-29 09:01:05] [IP: ::1] [Session: f6b2166d0ca03c46cfda2552e48e03bf] [User ID: 3824544] SESSION CHECK - Valid session
[2025-11-29 09:01:05] [IP: ::1] [Session: f6b2166d0ca03c46cfda2552e48e03bf] [User ID: 3824544] SESSION CHECK - Valid session
[2025-11-29 09:01:35] [IP: ::1] [Session: f6b2166d0ca03c46cfda2552e48e03bf] [User ID: 3824544] SESSION CHECK - Valid session
[2025-11-29 09:01:35] [IP: ::1] [Session: f6b2166d0ca03c46cfda2552e48e03bf] [User ID: 3824544] SESSION CHECK - Valid session
[2025-11-29 09:01:37] [IP: ::1] [Session: f6b2166d0ca03c46cfda2552e48e03bf] [User ID: 3824544] SESSION CHECK - Valid session
[2025-11-29 09:01:37] [IP: ::1] [Session: f6b2166d0ca03c46cfda2552e48e03bf] [User ID: 3824544] SESSION CHECK - Valid session
[2025-11-29 09:01:41] [IP: ::1] [Session: f6b2166d0ca03c46cfda2552e48e03bf] [User ID: 3824544] SESSION CHECK - Valid session
[2025-11-29 09:01:41] [IP: ::1] [Session: f6b2166d0ca03c46cfda2552e48e03bf] [User ID: 3824544] SESSION CHECK - Valid session
[2025-11-29 09:01:52] [IP: ::1] [Session: f6b2166d0ca03c46cfda2552e48e03bf] [User ID: 3824544] SESSION CHECK - Valid session
[2025-11-29 09:01:52] [IP: ::1] [Session: f6b2166d0ca03c46cfda2552e48e03bf] [User ID: 3824544] SESSION CHECK - Valid session
[2025-11-29 09:01:57] [IP: ::1] [Session: f6b2166d0ca03c46cfda2552e48e03bf] [User ID: 3824544] SESSION CHECK - Valid session
[2025-11-29 09:01:57] [IP: ::1] [Session: f6b2166d0ca03c46cfda2552e48e03bf] [User ID: 3824544] SESSION CHECK - Valid session
[2025-11-29 09:02:00] [IP: ::1] [Session: f6b2166d0ca03c46cfda2552e48e03bf] [User ID: 3824544] SESSION CHECK - Valid session
[2025-11-29 09:02:00] [IP: ::1] [Session: f6b2166d0ca03c46cfda2552e48e03bf] [User ID: 3824544] SESSION CHECK - Valid session
[2025-11-29 09:02:03] [IP: ::1] [Session: f6b2166d0ca03c46cfda2552e48e03bf] [User ID: 3824544] SESSION CHECK - Valid session
[2025-11-29 09:02:03] [IP: ::1] [Session: f6b2166d0ca03c46cfda2552e48e03bf] [User ID: 3824544] SESSION CHECK - Valid session
[2025-11-29 09:02:05] [IP: ::1] [Session: f6b2166d0ca03c46cfda2552e48e03bf] [User ID: 3824544] SESSION CHECK - Valid session
[2025-11-29 09:02:05] [IP: ::1] [Session: f6b2166d0ca03c46cfda2552e48e03bf] [User ID: 3824544] SESSION CHECK - Valid session
[2025-11-29 09:02:07] [IP: ::1] [Session: f6b2166d0ca03c46cfda2552e48e03bf] [User ID: 3824544] SESSION CHECK - Valid session
[2025-11-29 09:02:07] [IP: ::1] [Session: f6b2166d0ca03c46cfda2552e48e03bf] [User ID: 3824544] SESSION CHECK - Valid session
[2025-11-29 09:02:10] [IP: ::1] [Session: f6b2166d0ca03c46cfda2552e48e03bf] [User ID: 3824544] SESSION CHECK - Valid session
[2025-11-29 09:02:10] [IP: ::1] [Session: f6b2166d0ca03c46cfda2552e48e03bf] [User ID: 3824544] SESSION CHECK - Valid session
[2025-11-29 09:02:12] [IP: ::1] [Session: f6b2166d0ca03c46cfda2552e48e03bf] [User ID: 3824544] SESSION CHECK - Valid session
[2025-11-29 09:02:12] [IP: ::1] [Session: f6b2166d0ca03c46cfda2552e48e03bf] [User ID: 3824544] SESSION CHECK - Valid session
[2025-11-29 09:02:14] [IP: ::1] [Session: f6b2166d0ca03c46cfda2552e48e03bf] [User ID: 3824544] SESSION CHECK - Valid session
[2025-11-29 09:02:14] [IP: ::1] [Session: f6b2166d0ca03c46cfda2552e48e03bf] [User ID: 3824544] SESSION CHECK - Valid session
[2025-11-29 09:05:43] [IP: ::1] [Session: f6b2166d0ca03c46cfda2552e48e03bf] [User ID: 3824544] SESSION CHECK - Valid session
[2025-11-29 09:05:43] [IP: ::1] [Session: f6b2166d0ca03c46cfda2552e48e03bf] [User ID: 3824544] SESSION CHECK - Valid session
[2025-11-29 09:05:47] [IP: ::1] [Session: f6b2166d0ca03c46cfda2552e48e03bf] [User ID: 3824544] SESSION CHECK - Valid session
[2025-11-29 09:05:47] [IP: ::1] [Session: f6b2166d0ca03c46cfda2552e48e03bf] [User ID: 3824544] SESSION CHECK - Valid session
[2025-11-29 09:10:48] [IP: ::1] [Session: f6b2166d0ca03c46cfda2552e48e03bf] [User ID: 3824544] SESSION CHECK - Valid session
[2025-11-29 09:13:12] [IP: ::1] [Session: f6b2166d0ca03c46cfda2552e48e03bf] [User ID: 3824544] SESSION CHECK - Valid session
[2025-11-29 09:13:12] [IP: ::1] [Session: f6b2166d0ca03c46cfda2552e48e03bf] [User ID: 3824544] SESSION CHECK - Valid session
[2025-11-29 09:13:15] [IP: ::1] [Session: f6b2166d0ca03c46cfda2552e48e03bf] [User ID: 3824544] SESSION CHECK - Valid session
[2025-11-29 09:13:15] [IP: ::1] [Session: f6b2166d0ca03c46cfda2552e48e03bf] [User ID: 3824544] SESSION CHECK - Valid session
[2025-11-29 09:17:13] [IP: ::1] [Session: f6b2166d0ca03c46cfda2552e48e03bf] [User ID: 3824544] SESSION CHECK - Valid session
[2025-11-29 09:17:13] [IP: ::1] [Session: f6b2166d0ca03c46cfda2552e48e03bf] [User ID: 3824544] SESSION CHECK - Valid session
[2025-11-29 11:53:29] [IP: ::1] [Session: f6b2166d0ca03c46cfda2552e48e03bf] [User ID: 3824544] SESSION CHECK - Valid session
[2025-11-29 11:53:48] [IP: ::1] [Session: f6b2166d0ca03c46cfda2552e48e03bf] [User ID: 3824544] SESSION CHECK - Valid session
[2025-11-29 11:53:48] [IP: ::1] [Session: f6b2166d0ca03c46cfda2552e48e03bf] [User ID: 3824544] SESSION CHECK - Valid session
[2025-11-29 11:53:50] [IP: ::1] [Session: f6b2166d0ca03c46cfda2552e48e03bf] [User ID: 3824544] SESSION CHECK - Valid session
[2025-11-29 11:53:50] [IP: ::1] [Session: f6b2166d0ca03c46cfda2552e48e03bf] [User ID: 3824544] SESSION CHECK - Valid session
[2025-11-29 11:58:16] [IP: 192.168.43.231] [Session: b37ac2a2445a34ed21f618463376c5e7] SESSION CHECK - No active session
[2025-11-29 11:58:16] [IP: 192.168.43.231] [Session: 2b6d0b146a8922252983e98cd70c296d] SESSION CHECK - No active session
[2025-11-29 11:59:01] [IP: 192.168.43.184] [Session: ab0d4b9fee024f380b641a58fcb3a7f9] SESSION CHECK - No active session
[2025-11-29 11:59:01] [IP: 192.168.43.184] [Session: 0fa02576f0370f68a190cdefd10d68b8] SESSION CHECK - No active session
[2025-11-29 11:59:16] [IP: 192.168.43.184] [Session: 28db03c3cd22494544be528e0d992321] [User ID: 8225004] SESSION CHECK - Valid session
[2025-11-29 12:03:16] [IP: 192.168.43.231] [Session: 2b6d0b146a8922252983e98cd70c296d] SESSION CHECK - No active session
[2025-11-29 12:04:00] [IP: 192.168.43.184] [Session: 28db03c3cd22494544be528e0d992321] [User ID: 8225004] SESSION CHECK - Valid session
[2025-11-29 12:08:16] [IP: 192.168.43.231] [Session: 2b6d0b146a8922252983e98cd70c296d] SESSION CHECK - No active session
[2025-11-29 12:08:35] [IP: 192.168.43.184] [Session: 28db03c3cd22494544be528e0d992321] [User ID: 8225004] SESSION CHECK - Valid session
[2025-11-29 12:08:35] [IP: 192.168.43.184] [Session: 28db03c3cd22494544be528e0d992321] [User ID: 8225004] SESSION CHECK - Valid session
[2025-11-29 12:11:58] [IP: 192.168.43.184] [Session: 28db03c3cd22494544be528e0d992321] [User ID: 8225004] SESSION CHECK - Valid session
[2025-11-29 12:11:59] [IP: 192.168.43.184] [Session: 28db03c3cd22494544be528e0d992321] [User ID: 8225004] SESSION CHECK - Valid session
[2025-11-29 12:12:04] [IP: 192.168.43.184] [Session: 28db03c3cd22494544be528e0d992321] [User ID: 8225004] SESSION CHECK - Valid session
[2025-11-29 12:12:04] [IP: 192.168.43.184] [Session: 28db03c3cd22494544be528e0d992321] [User ID: 8225004] SESSION CHECK - Valid session
[2025-11-29 12:12:16] [IP: 192.168.43.184] [Session: 28db03c3cd22494544be528e0d992321] [User ID: 8225004] SESSION CHECK - Valid session
[2025-11-29 12:12:16] [IP: 192.168.43.184] [Session: 28db03c3cd22494544be528e0d992321] [User ID: 8225004] SESSION CHECK - Valid session
[2025-11-29 12:13:16] [IP: 192.168.43.231] [Session: 2b6d0b146a8922252983e98cd70c296d] SESSION CHECK - No active session
[2025-11-29 12:17:16] [IP: 192.168.43.184] [Session: 28db03c3cd22494544be528e0d992321] [User ID: 8225004] SESSION CHECK - Valid session
[2025-11-29 12:18:16] [IP: 192.168.43.231] [Session: 2b6d0b146a8922252983e98cd70c296d] SESSION CHECK - No active session
[2025-11-29 12:20:38] [IP: 192.168.43.230] [Session: c75cf4ba260bcf1c21d18c4f821db37f] SESSION CHECK - No active session
[2025-11-29 12:20:38] [IP: 192.168.43.230] [Session: c8125ef9e4aba93015603830d2c8ee00] SESSION CHECK - No active session
[2025-11-29 12:21:17] [IP: 192.168.43.230] [Session: a7d10e64c7098c0b294ef038657f6f69] [User ID: 8225004] SESSION CHECK - Valid session
[2025-11-29 12:22:16] [IP: 192.168.43.184] [Session: 28db03c3cd22494544be528e0d992321] [User ID: 8225004] SESSION CHECK - Valid session
[2025-11-29 12:23:16] [IP: 192.168.43.231] [Session: 2b6d0b146a8922252983e98cd70c296d] SESSION CHECK - No active session
[2025-11-29 12:23:17] [IP: 192.168.43.184] [Session: 2404136e211e25d31943ed1fdf23dea1] [User ID: 3824544] SESSION CHECK - Valid session
[2025-11-29 12:25:47] [IP: 192.168.43.184] [Session: 2404136e211e25d31943ed1fdf23dea1] [User ID: 3824544] SESSION CHECK - Valid session
[2025-11-29 12:25:47] [IP: 192.168.43.184] [Session: 2404136e211e25d31943ed1fdf23dea1] [User ID: 3824544] SESSION CHECK - Valid session
[2025-11-29 12:28:16] [IP: 192.168.43.231] [Session: 2b6d0b146a8922252983e98cd70c296d] SESSION CHECK - No active session
[2025-11-29 12:29:09] [IP: 192.168.43.184] [Session: 6eb8ac5daad8480f72b7b8b470a7a5fb] SESSION CHECK - No active session
[2025-11-29 12:29:09] [IP: 192.168.43.184] [Session: cf3101b292ff958ef3fd6755ad810d63] SESSION CHECK - No active session
[2025-11-29 12:33:17] [IP: 192.168.43.231] [Session: 2b6d0b146a8922252983e98cd70c296d] SESSION CHECK - No active session
[2025-11-29 12:34:09] [IP: 192.168.43.184] [Session: cf3101b292ff958ef3fd6755ad810d63] SESSION CHECK - No active session
[2025-11-29 12:38:17] [IP: 192.168.43.231] [Session: 2b6d0b146a8922252983e98cd70c296d] SESSION CHECK - No active session
[2025-11-29 12:43:12] [IP: 192.168.43.184] [Session: cf3101b292ff958ef3fd6755ad810d63] SESSION CHECK - No active session
[2025-11-29 12:43:13] [IP: 192.168.43.184] [Session: cf3101b292ff958ef3fd6755ad810d63] SESSION CHECK - No active session
[2025-11-29 12:43:17] [IP: 192.168.43.231] [Session: 2b6d0b146a8922252983e98cd70c296d] SESSION CHECK - No active session
[2025-11-29 12:43:21] [IP: 192.168.43.231] [Session: 2b6d0b146a8922252983e98cd70c296d] SESSION CHECK - No active session
[2025-11-29 12:43:21] [IP: 192.168.43.231] [Session: 2b6d0b146a8922252983e98cd70c296d] SESSION CHECK - No active session
[2025-11-29 12:48:12] [IP: 192.168.43.184] [Session: cf3101b292ff958ef3fd6755ad810d63] SESSION CHECK - No active session
[2025-11-29 12:48:21] [IP: 192.168.43.231] [Session: 2b6d0b146a8922252983e98cd70c296d] SESSION CHECK - No active session
[2025-11-29 12:53:21] [IP: 192.168.43.231] [Session: 2b6d0b146a8922252983e98cd70c296d] SESSION CHECK - No active session
[2025-11-29 12:56:11] [IP: 192.168.43.184] [Session: 4d79ca4a2b2e8640124d36dd4855030d] SESSION CHECK - No active session
[2025-11-29 12:56:11] [IP: 192.168.43.184] [Session: 5b3c645dcea071edf5984021f85c9958] SESSION CHECK - No active session
[2025-11-29 12:56:38] [IP: 192.168.43.184] [Session: 5b3c645dcea071edf5984021f85c9958] SESSION CHECK - No active session
[2025-11-29 12:56:38] [IP: 192.168.43.184] [Session: 5b3c645dcea071edf5984021f85c9958] SESSION CHECK - No active session
[2025-11-30 13:09:00] [IP: ::1] [Session: 4a2726f5b084e1bd040350317939ef7e] SESSION CHECK - No active session
[2025-11-30 13:09:01] [IP: ::1] [Session: 446da716824a48fbfb0f53212f5f6c97] SESSION CHECK - No active session
[2025-11-30 13:09:04] [IP: ::1] [Session: 446da716824a48fbfb0f53212f5f6c97] SESSION CHECK - No active session
[2025-11-30 13:09:05] [IP: ::1] [Session: 446da716824a48fbfb0f53212f5f6c97] SESSION CHECK - No active session
[2025-11-30 13:09:14] [IP: ::1] [Session: 9693fa7150138760964022612a031952] [User ID: 8225004] SESSION CHECK - Valid session
[2025-11-30 13:10:04] [IP: ::1] [Session: fa8cda69a74baf7d4a1694a181b1c683] [User ID: 8225004] SESSION CHECK - Valid session
[2025-11-30 13:12:27] [IP: ::1] [Session: fa8cda69a74baf7d4a1694a181b1c683] [User ID: 8225004] SESSION CHECK - Valid session
[2025-11-30 13:12:27] [IP: ::1] [Session: fa8cda69a74baf7d4a1694a181b1c683] [User ID: 8225004] SESSION CHECK - Valid session
[2025-11-30 13:17:27] [IP: ::1] [Session: 831570ebcad825e98fe50dfd5490bb2f] SESSION CHECK - No active session
[2025-11-30 13:21:21] [IP: 192.168.43.231] [Session: b4d92e859ba733681615f3df21bd6ed3] SESSION CHECK - No active session
[2025-11-30 13:21:22] [IP: 192.168.43.231] [Session: 48c6983b924fbf5a739f47e52031a95a] SESSION CHECK - No active session
[2025-11-30 13:22:22] [IP: 192.168.43.5] [Session: cb08d62065aff94a6f0c7fa4d5aa64b1] SESSION CHECK - No active session
[2025-11-30 13:22:22] [IP: 192.168.43.5] [Session: b62c191b7c0c3d24e654864e1ef79cd7] SESSION CHECK - No active session
[2025-11-30 13:26:22] [IP: 192.168.43.231] [Session: 48c6983b924fbf5a739f47e52031a95a] SESSION CHECK - No active session
[2025-11-30 13:27:23] [IP: 192.168.43.5] [Session: b62c191b7c0c3d24e654864e1ef79cd7] SESSION CHECK - No active session
[2025-11-30 13:30:00] [IP: 192.168.43.5] [Session: b62c191b7c0c3d24e654864e1ef79cd7] SESSION CHECK - No active session
[2025-11-30 13:30:00] [IP: 192.168.43.5] [Session: b62c191b7c0c3d24e654864e1ef79cd7] SESSION CHECK - No active session
[2025-11-30 13:30:44] [IP: 192.168.43.231] [Session: 48c6983b924fbf5a739f47e52031a95a] SESSION CHECK - No active session
[2025-11-30 13:30:44] [IP: 192.168.43.231] [Session: 48c6983b924fbf5a739f47e52031a95a] SESSION CHECK - No active session
[2025-11-30 13:31:52] [IP: 192.168.43.231] [Session: 48c6983b924fbf5a739f47e52031a95a] SESSION CHECK - No active session
[2025-11-30 13:31:53] [IP: 192.168.43.231] [Session: 48c6983b924fbf5a739f47e52031a95a] SESSION CHECK - No active session
[2025-11-30 13:31:53] [IP: 192.168.43.5] [Session: b62c191b7c0c3d24e654864e1ef79cd7] SESSION CHECK - No active session
[2025-11-30 13:31:53] [IP: 192.168.43.5] [Session: b62c191b7c0c3d24e654864e1ef79cd7] SESSION CHECK - No active session
[2025-11-30 13:31:56] [IP: 192.168.43.231] [Session: 48c6983b924fbf5a739f47e52031a95a] SESSION CHECK - No active session
[2025-11-30 13:31:56] [IP: 192.168.43.231] [Session: 48c6983b924fbf5a739f47e52031a95a] SESSION CHECK - No active session
[2025-11-30 13:31:57] [IP: 192.168.43.5] [Session: b62c191b7c0c3d24e654864e1ef79cd7] SESSION CHECK - No active session
[2025-11-30 13:31:57] [IP: 192.168.43.5] [Session: b62c191b7c0c3d24e654864e1ef79cd7] SESSION CHECK - No active session
[2025-11-30 13:36:56] [IP: 192.168.43.231] [Session: 48c6983b924fbf5a739f47e52031a95a] SESSION CHECK - No active session
[2025-11-30 13:36:58] [IP: 192.168.43.5] [Session: b62c191b7c0c3d24e654864e1ef79cd7] SESSION CHECK - No active session
[2025-12-01 02:56:18] [IP: ::1] [Session: cffebd8c4dd4d23eb0352b30526b62a8] SESSION CHECK - No active session
[2025-12-01 02:56:18] [IP: ::1] [Session: c1ca560846482b636addb4cf643173e0] SESSION CHECK - No active session
[2025-12-01 02:58:14] [IP: ::1] [Session: 58f134d3287baa0d7e7f30e0bca220a5] [User ID: 3824544] SESSION CHECK - Valid session
[2025-12-01 03:01:12] [IP: ::1] [Session: 58f134d3287baa0d7e7f30e0bca220a5] [User ID: 3824544] SESSION CHECK - Valid session
[2025-12-01 03:01:12] [IP: ::1] [Session: 58f134d3287baa0d7e7f30e0bca220a5] [User ID: 3824544] SESSION CHECK - Valid session
[2025-12-01 03:04:42] [IP: ::1] [Session: f42355367063038366fd051a8ef00930] SESSION CHECK - No active session
[2025-12-01 03:04:42] [IP: ::1] [Session: a58dbc3a114867cb79254fcf16dc1729] SESSION CHECK - No active session
[2025-12-01 03:09:41] [IP: ::1] [Session: a58dbc3a114867cb79254fcf16dc1729] SESSION CHECK - No active session
[2025-12-01 03:11:26] [IP: ::1] [Session: a58dbc3a114867cb79254fcf16dc1729] SESSION CHECK - No active session
[2025-12-01 03:11:26] [IP: ::1] [Session: a58dbc3a114867cb79254fcf16dc1729] SESSION CHECK - No active session
[2025-12-01 03:16:26] [IP: ::1] [Session: a58dbc3a114867cb79254fcf16dc1729] SESSION CHECK - No active session
[2025-12-01 03:16:51] [IP: ::1] [Session: a58dbc3a114867cb79254fcf16dc1729] SESSION CHECK - No active session
[2025-12-01 03:16:51] [IP: ::1] [Session: a58dbc3a114867cb79254fcf16dc1729] SESSION CHECK - No active session
[2025-12-01 03:18:54] [IP: ::1] [Session: a58dbc3a114867cb79254fcf16dc1729] SESSION CHECK - No active session
[2025-12-01 03:18:55] [IP: ::1] [Session: a58dbc3a114867cb79254fcf16dc1729] SESSION CHECK - No active session
[2025-12-01 03:19:31] [IP: ::1] [Session: a58dbc3a114867cb79254fcf16dc1729] SESSION CHECK - No active session
[2025-12-01 03:19:31] [IP: ::1] [Session: a58dbc3a114867cb79254fcf16dc1729] SESSION CHECK - No active session
[2025-12-01 03:19:47] [IP: ::1] [Session: a58dbc3a114867cb79254fcf16dc1729] SESSION CHECK - No active session
[2025-12-01 03:19:47] [IP: ::1] [Session: a58dbc3a114867cb79254fcf16dc1729] SESSION CHECK - No active session
[2025-12-01 03:20:09] [IP: ::1] [Session: a58dbc3a114867cb79254fcf16dc1729] SESSION CHECK - No active session
[2025-12-01 03:20:09] [IP: ::1] [Session: a58dbc3a114867cb79254fcf16dc1729] SESSION CHECK - No active session
[2025-12-01 04:23:34] [IP: ::1] [Session: a58dbc3a114867cb79254fcf16dc1729] SESSION CHECK - No active session
[2025-12-01 04:23:42] [IP: ::1] [Session: a58dbc3a114867cb79254fcf16dc1729] SESSION CHECK - No active session
[2025-12-01 04:23:42] [IP: ::1] [Session: a58dbc3a114867cb79254fcf16dc1729] SESSION CHECK - No active session
[2025-12-01 04:25:40] [IP: ::1] [Session: a58dbc3a114867cb79254fcf16dc1729] SESSION CHECK - No active session
[2025-12-01 04:25:40] [IP: ::1] [Session: a58dbc3a114867cb79254fcf16dc1729] SESSION CHECK - No active session
[2025-12-01 04:30:40] [IP: ::1] [Session: a58dbc3a114867cb79254fcf16dc1729] SESSION CHECK - No active session
[2025-12-01 04:31:49] [IP: ::1] [Session: a58dbc3a114867cb79254fcf16dc1729] SESSION CHECK - No active session
[2025-12-01 04:31:49] [IP: ::1] [Session: a58dbc3a114867cb79254fcf16dc1729] SESSION CHECK - No active session
[2025-12-01 04:34:39] [IP: 10.0.1.75] [Session: 47503b64973cfcaa84e20ff4ee5cde74] SESSION CHECK - No active session
[2025-12-01 04:34:39] [IP: 10.0.1.75] [Session: cfc213c5464f0e50e1f6a29bdd4d07f6] SESSION CHECK - No active session
[2025-12-01 04:39:14] [IP: 10.0.1.75] [Session: cfc213c5464f0e50e1f6a29bdd4d07f6] SESSION CHECK - No active session
[2025-12-01 04:39:14] [IP: 10.0.1.75] [Session: cfc213c5464f0e50e1f6a29bdd4d07f6] SESSION CHECK - No active session
[2025-12-01 04:40:06] [IP: 10.0.1.75] [Session: 6a6348ee9f569f4d2887ef14b903c432] SESSION CHECK - No active session
[2025-12-01 04:40:06] [IP: 10.0.1.75] [Session: 4a59a5210a5ced4c41363c91ce92a870] SESSION CHECK - No active session
[2025-12-01 04:43:29] [IP: 10.0.1.75] [Session: 4a59a5210a5ced4c41363c91ce92a870] SESSION CHECK - No active session
[2025-12-01 04:43:29] [IP: 10.0.1.75] [Session: 4a59a5210a5ced4c41363c91ce92a870] SESSION CHECK - No active session
[2025-12-01 04:44:14] [IP: 10.0.1.75] [Session: cfc213c5464f0e50e1f6a29bdd4d07f6] SESSION CHECK - No active session
[2025-12-01 04:49:14] [IP: 10.0.1.75] [Session: cfc213c5464f0e50e1f6a29bdd4d07f6] SESSION CHECK - No active session
[2025-12-01 04:49:38] [IP: 10.0.0.97] [Session: 4a59a5210a5ced4c41363c91ce92a870] SESSION CHECK - No active session
[2025-12-01 04:49:46] [IP: 10.0.0.97] [Session: 4a59a5210a5ced4c41363c91ce92a870] SESSION CHECK - No active session
[2025-12-01 04:49:46] [IP: 10.0.0.97] [Session: 4a59a5210a5ced4c41363c91ce92a870] SESSION CHECK - No active session
[2025-12-01 04:52:01] [IP: 10.0.1.75] [Session: cfc213c5464f0e50e1f6a29bdd4d07f6] SESSION CHECK - No active session
[2025-12-01 04:52:01] [IP: 10.0.1.75] [Session: cfc213c5464f0e50e1f6a29bdd4d07f6] SESSION CHECK - No active session
[2025-12-01 04:55:50] [IP: 10.0.0.97] [Session: 4a59a5210a5ced4c41363c91ce92a870] SESSION CHECK - No active session
[2025-12-01 04:55:52] [IP: 10.0.1.75] [Session: cfc213c5464f0e50e1f6a29bdd4d07f6] SESSION CHECK - No active session
[2025-12-01 04:55:52] [IP: 10.0.1.75] [Session: cfc213c5464f0e50e1f6a29bdd4d07f6] SESSION CHECK - No active session
[2025-12-01 04:57:05] [IP: 10.0.0.97] [Session: 4a59a5210a5ced4c41363c91ce92a870] SESSION CHECK - No active session
[2025-12-01 04:57:37] [IP: 10.0.0.97] [Session: 4a59a5210a5ced4c41363c91ce92a870] SESSION CHECK - No active session
[2025-12-01 04:57:37] [IP: 10.0.0.97] [Session: 4a59a5210a5ced4c41363c91ce92a870] SESSION CHECK - No active session
[2025-12-01 04:58:40] [IP: 10.0.0.97] [Session: 4a59a5210a5ced4c41363c91ce92a870] SESSION CHECK - No active session
[2025-12-01 04:58:40] [IP: 10.0.0.97] [Session: 4a59a5210a5ced4c41363c91ce92a870] SESSION CHECK - No active session
[2025-12-01 05:00:52] [IP: 10.0.1.75] [Session: cfc213c5464f0e50e1f6a29bdd4d07f6] SESSION CHECK - No active session
[2025-12-01 05:06:05] [IP: 10.0.0.97] [Session: 4a59a5210a5ced4c41363c91ce92a870] SESSION CHECK - No active session
[2025-12-01 05:06:06] [IP: 10.0.1.75] [Session: cfc213c5464f0e50e1f6a29bdd4d07f6] SESSION CHECK - No active session
[2025-12-01 05:06:08] [IP: 10.0.1.75] [Session: cfc213c5464f0e50e1f6a29bdd4d07f6] SESSION CHECK - No active session
[2025-12-01 05:06:08] [IP: 10.0.1.75] [Session: cfc213c5464f0e50e1f6a29bdd4d07f6] SESSION CHECK - No active session
[2025-12-01 05:10:03] [IP: 10.0.1.75] [Session: cfc213c5464f0e50e1f6a29bdd4d07f6] SESSION CHECK - No active session
[2025-12-01 05:10:03] [IP: 10.0.1.75] [Session: cfc213c5464f0e50e1f6a29bdd4d07f6] SESSION CHECK - No active session
[2025-12-01 05:15:03] [IP: 10.0.1.75] [Session: cfc213c5464f0e50e1f6a29bdd4d07f6] SESSION CHECK - No active session
[2025-12-01 05:20:03] [IP: 10.0.1.75] [Session: cfc213c5464f0e50e1f6a29bdd4d07f6] SESSION CHECK - No active session
[2025-12-01 05:25:03] [IP: 10.0.1.75] [Session: cfc213c5464f0e50e1f6a29bdd4d07f6] SESSION CHECK - No active session
[2025-12-01 05:28:41] [IP: 10.0.0.97] [Session: 4a59a5210a5ced4c41363c91ce92a870] SESSION CHECK - No active session
[2025-12-01 05:29:07] [IP: 10.0.0.97] [Session: 4a59a5210a5ced4c41363c91ce92a870] SESSION CHECK - No active session
[2025-12-01 05:30:03] [IP: 10.0.1.75] [Session: cfc213c5464f0e50e1f6a29bdd4d07f6] SESSION CHECK - No active session
[2025-12-01 05:33:47] [IP: 10.0.0.97] [Session: 4a59a5210a5ced4c41363c91ce92a870] SESSION CHECK - No active session
[2025-12-01 05:35:03] [IP: 10.0.1.75] [Session: cfc213c5464f0e50e1f6a29bdd4d07f6] SESSION CHECK - No active session
[2025-12-01 05:35:49] [IP: 10.0.1.75] [Session: 0b8bf16e37f03fb51e31c6a1c6d8715b] [User ID: 8225004] SESSION CHECK - Valid session
[2025-12-01 05:38:41] [IP: 10.0.0.97] [Session: 4a59a5210a5ced4c41363c91ce92a870] SESSION CHECK - No active session
[2025-12-01 05:40:03] [IP: 10.0.1.75] [Session: 0b8bf16e37f03fb51e31c6a1c6d8715b] [User ID: 8225004] SESSION CHECK - Valid session
[2025-12-01 05:43:48] [IP: 10.0.0.97] [Session: 4a59a5210a5ced4c41363c91ce92a870] SESSION CHECK - No active session
[2025-12-01 05:45:08] [IP: 10.0.1.75] [Session: 0b8bf16e37f03fb51e31c6a1c6d8715b] [User ID: 8225004] SESSION CHECK - Valid session
[2025-12-01 05:48:43] [IP: 10.0.0.97] [Session: 4a59a5210a5ced4c41363c91ce92a870] SESSION CHECK - No active session
[2025-12-01 05:50:08] [IP: 10.0.1.75] [Session: 0b8bf16e37f03fb51e31c6a1c6d8715b] [User ID: 8225004] SESSION CHECK - Valid session
[2025-12-01 05:50:12] [IP: 10.0.0.97] [Session: d2b103b65bc28be5780bfa33c9b06121] [User ID: 8225004] SESSION CHECK - Valid session
[2025-12-01 05:53:57] [IP: 10.0.0.97] [Session: d2b103b65bc28be5780bfa33c9b06121] [User ID: 8225004] SESSION CHECK - Valid session
[2025-12-01 05:53:57] [IP: 10.0.0.97] [Session: d2b103b65bc28be5780bfa33c9b06121] [User ID: 8225004] SESSION CHECK - Valid session
[2025-12-01 05:55:08] [IP: 10.0.1.75] [Session: 0b8bf16e37f03fb51e31c6a1c6d8715b] [User ID: 8225004] SESSION CHECK - Valid session
[2025-12-01 05:59:24] [IP: 10.0.1.75] [Session: ae3283064a55605c28199f35de413ae2] SESSION CHECK - No active session
[2025-12-01 05:59:25] [IP: 10.0.1.75] [Session: d41619fce36e10e51b957143a7d92032] SESSION CHECK - No active session
[2025-12-01 06:00:08] [IP: 10.0.1.75] [Session: d41619fce36e10e51b957143a7d92032] SESSION CHECK - No active session
[2025-12-01 06:00:08] [IP: 10.0.1.75] [Session: d41619fce36e10e51b957143a7d92032] SESSION CHECK - No active session
[2025-12-01 06:00:29] [IP: 10.0.1.75] [Session: d41619fce36e10e51b957143a7d92032] SESSION CHECK - No active session
[2025-12-01 06:00:29] [IP: 10.0.1.75] [Session: d41619fce36e10e51b957143a7d92032] SESSION CHECK - No active session
[2025-12-01 06:05:37] [IP: 10.0.1.75] [Session: d41619fce36e10e51b957143a7d92032] SESSION CHECK - No active session
[2025-12-01 06:05:38] [IP: 10.0.1.75] [Session: d41619fce36e10e51b957143a7d92032] SESSION CHECK - No active session
[2025-12-01 06:10:37] [IP: 10.0.1.75] [Session: d41619fce36e10e51b957143a7d92032] SESSION CHECK - No active session
[2025-12-01 06:15:09] [IP: 10.0.1.75] [Session: 5c44e1a87c0d13a28041907a4946f5de] [User ID: 8225004] SESSION CHECK - Valid session
[2025-12-01 06:15:37] [IP: 10.0.1.75] [Session: 5c44e1a87c0d13a28041907a4946f5de] [User ID: 8225004] SESSION CHECK - Valid session
[2025-12-01 06:15:57] [IP: 10.0.1.75] [Session: 5c44e1a87c0d13a28041907a4946f5de] [User ID: 8225004] SESSION CHECK - Valid session
[2025-12-01 06:15:57] [IP: 10.0.1.75] [Session: 5c44e1a87c0d13a28041907a4946f5de] [User ID: 8225004] SESSION CHECK - Valid session
[2025-12-01 06:19:51] [IP: 10.0.1.75] [Session: 5c44e1a87c0d13a28041907a4946f5de] [User ID: 8225004] SESSION CHECK - Valid session
[2025-12-01 06:19:51] [IP: 10.0.1.75] [Session: 5c44e1a87c0d13a28041907a4946f5de] [User ID: 8225004] SESSION CHECK - Valid session
[2025-12-01 06:24:51] [IP: 10.0.1.75] [Session: 5c44e1a87c0d13a28041907a4946f5de] [User ID: 8225004] SESSION CHECK - Valid session
[2025-12-01 06:29:51] [IP: 10.0.1.75] [Session: 5c44e1a87c0d13a28041907a4946f5de] [User ID: 8225004] SESSION CHECK - Valid session
[2025-12-01 06:34:51] [IP: 10.0.1.75] [Session: 5c44e1a87c0d13a28041907a4946f5de] [User ID: 8225004] SESSION CHECK - Valid session
[2025-12-01 06:36:12] [IP: 10.0.1.75] [Session: 5c44e1a87c0d13a28041907a4946f5de] [User ID: 8225004] SESSION CHECK - Valid session
[2025-12-01 06:36:12] [IP: 10.0.1.75] [Session: 5c44e1a87c0d13a28041907a4946f5de] [User ID: 8225004] SESSION CHECK - Valid session
[2025-12-01 06:40:50] [IP: 10.0.1.75] [Session: 5c44e1a87c0d13a28041907a4946f5de] [User ID: 8225004] SESSION CHECK - Valid session
[2025-12-01 06:40:50] [IP: 10.0.1.75] [Session: 5c44e1a87c0d13a28041907a4946f5de] [User ID: 8225004] SESSION CHECK - Valid session
[2025-12-01 06:45:16] [IP: 10.0.1.75] [Session: d0955758d6088d8c55e65fa7b64a824b] SESSION CHECK - No active session
[2025-12-01 06:45:16] [IP: 10.0.1.75] [Session: 8bae7360e887bac839adf314e76a430d] SESSION CHECK - No active session
[2025-12-01 06:46:17] [IP: 10.0.1.75] [Session: 8bae7360e887bac839adf314e76a430d] SESSION CHECK - No active session
[2025-12-01 06:46:17] [IP: 10.0.1.75] [Session: 8bae7360e887bac839adf314e76a430d] SESSION CHECK - No active session
[2025-12-01 06:47:42] [IP: 10.0.1.75] [Session: 8bae7360e887bac839adf314e76a430d] SESSION CHECK - No active session
[2025-12-01 06:47:42] [IP: 10.0.1.75] [Session: 8bae7360e887bac839adf314e76a430d] SESSION CHECK - No active session
[2025-12-01 06:50:25] [IP: 10.0.1.75] [Session: 8bae7360e887bac839adf314e76a430d] SESSION CHECK - No active session
[2025-12-01 06:50:25] [IP: 10.0.1.75] [Session: 8bae7360e887bac839adf314e76a430d] SESSION CHECK - No active session
[2025-12-01 06:51:18] [IP: 10.0.1.75] [Session: 8bae7360e887bac839adf314e76a430d] SESSION CHECK - No active session
[2025-12-01 06:51:18] [IP: 10.0.1.75] [Session: 8bae7360e887bac839adf314e76a430d] SESSION CHECK - No active session
[2025-12-01 06:51:30] [IP: 10.0.1.75] [Session: 512ada69d9a53b46cb2c6659c7125a25] [User ID: 8225004] SESSION CHECK - Valid session
[2025-12-01 06:52:06] [IP: 10.0.1.75] [Session: d65b955409899085ea7eec045601a2f2] [User ID: 3824544] SESSION CHECK - Valid session
[2025-12-01 06:55:09] [IP: 10.0.1.75] [Session: d65b955409899085ea7eec045601a2f2] [User ID: 3824544] SESSION CHECK - Valid session
[2025-12-01 06:55:09] [IP: 10.0.1.75] [Session: d65b955409899085ea7eec045601a2f2] [User ID: 3824544] SESSION CHECK - Valid session
[2025-12-01 06:58:52] [IP: 10.0.1.75] [Session: 7f99f780a125ebcd4cc5157b6d48ceb1] SESSION CHECK - No active session
[2025-12-01 06:58:52] [IP: 10.0.1.75] [Session: dc4762279a6b35f2e66799bacc459437] SESSION CHECK - No active session
[2025-12-01 06:59:35] [IP: 10.0.1.75] [Session: 6a2195eddfe10f585d95d34fd941bf2b] [User ID: 3824544] SESSION CHECK - Valid session
[2025-12-01 07:00:33] [IP: 10.0.1.75] [Session: 6a2195eddfe10f585d95d34fd941bf2b] [User ID: 3824544] SESSION CHECK - Valid session
[2025-12-01 07:00:33] [IP: 10.0.1.75] [Session: 6a2195eddfe10f585d95d34fd941bf2b] [User ID: 3824544] SESSION CHECK - Valid session
[2025-12-01 07:05:36] [IP: 10.0.1.75] [Session: 6a2195eddfe10f585d95d34fd941bf2b] [User ID: 3824544] SESSION CHECK - Valid session
[2025-12-01 07:07:11] [IP: 10.0.1.75] [Session: 6a2195eddfe10f585d95d34fd941bf2b] [User ID: 3824544] SESSION CHECK - Valid session
[2025-12-01 07:07:11] [IP: 10.0.1.75] [Session: 6a2195eddfe10f585d95d34fd941bf2b] [User ID: 3824544] SESSION CHECK - Valid session
[2025-12-01 07:11:44] [IP: 10.0.1.75] [Session: 45f30a74d18a85dbd2af0736316d72bb] [User ID: 8225004] SESSION CHECK - Valid session
[2025-12-01 07:12:11] [IP: 10.0.1.75] [Session: 45f30a74d18a85dbd2af0736316d72bb] [User ID: 8225004] SESSION CHECK - Valid session
[2025-12-01 07:13:52] [IP: 10.0.1.75] [Session: 45f30a74d18a85dbd2af0736316d72bb] [User ID: 8225004] SESSION CHECK - Valid session
[2025-12-01 07:13:52] [IP: 10.0.1.75] [Session: 45f30a74d18a85dbd2af0736316d72bb] [User ID: 8225004] SESSION CHECK - Valid session
[2025-12-01 07:14:53] [IP: 10.0.1.75] [Session: 45f30a74d18a85dbd2af0736316d72bb] [User ID: 8225004] SESSION CHECK - Valid session
[2025-12-01 07:14:53] [IP: 10.0.1.75] [Session: 45f30a74d18a85dbd2af0736316d72bb] [User ID: 8225004] SESSION CHECK - Valid session
[2025-12-01 07:18:17] [IP: 10.0.1.75] [Session: 45f30a74d18a85dbd2af0736316d72bb] [User ID: 8225004] SESSION CHECK - Valid session
[2025-12-01 07:18:17] [IP: 10.0.1.75] [Session: 45f30a74d18a85dbd2af0736316d72bb] [User ID: 8225004] SESSION CHECK - Valid session
[2025-12-01 07:21:51] [IP: 10.0.1.75] [Session: 45f30a74d18a85dbd2af0736316d72bb] [User ID: 8225004] SESSION CHECK - Valid session
[2025-12-01 07:21:51] [IP: 10.0.1.75] [Session: 45f30a74d18a85dbd2af0736316d72bb] [User ID: 8225004] SESSION CHECK - Valid session
[2025-12-01 07:22:59] [IP: 10.0.1.75] [Session: 978b9deaffe32732c3bc402f8bc4c991] [User ID: 3824544] SESSION CHECK - Valid session
[2025-12-01 07:24:00] [IP: 10.0.1.75] [Session: 978b9deaffe32732c3bc402f8bc4c991] [User ID: 3824544] SESSION CHECK - Valid session
[2025-12-01 07:24:00] [IP: 10.0.1.75] [Session: 978b9deaffe32732c3bc402f8bc4c991] [User ID: 3824544] SESSION CHECK - Valid session
[2025-12-01 07:33:10] [IP: 10.0.1.75] [Session: 263b977af32d46c0686bc3cba5c57691] SESSION CHECK - No active session
[2025-12-01 07:33:10] [IP: 10.0.1.75] [Session: 06929d3343e46eb68d642be6e5f2d971] SESSION CHECK - No active session
[2025-12-01 07:33:50] [IP: 10.0.1.75] [Session: 06929d3343e46eb68d642be6e5f2d971] SESSION CHECK - No active session
[2025-12-01 07:33:50] [IP: 10.0.1.75] [Session: 06929d3343e46eb68d642be6e5f2d971] SESSION CHECK - No active session
[2025-12-01 07:38:50] [IP: 10.0.1.75] [Session: 06929d3343e46eb68d642be6e5f2d971] SESSION CHECK - No active session
[2025-12-01 07:41:07] [IP: 10.0.1.75] [Session: 06929d3343e46eb68d642be6e5f2d971] SESSION CHECK - No active session
[2025-12-01 07:41:07] [IP: 10.0.1.75] [Session: 06929d3343e46eb68d642be6e5f2d971] SESSION CHECK - No active session
[2025-12-01 07:41:44] [IP: 10.0.1.75] [Session: 06929d3343e46eb68d642be6e5f2d971] SESSION CHECK - No active session
[2025-12-01 07:41:45] [IP: 10.0.1.75] [Session: 06929d3343e46eb68d642be6e5f2d971] SESSION CHECK - No active session
[2025-12-01 07:42:10] [IP: 10.0.1.75] [Session: 06929d3343e46eb68d642be6e5f2d971] SESSION CHECK - No active session
[2025-12-01 07:42:11] [IP: 10.0.1.75] [Session: 06929d3343e46eb68d642be6e5f2d971] SESSION CHECK - No active session
[2025-12-01 07:47:10] [IP: 10.0.1.75] [Session: 06929d3343e46eb68d642be6e5f2d971] SESSION CHECK - No active session
[2025-12-02 13:13:29] [IP: 10.0.1.75] [Session: bce313e6e459ca9c171a09b9ee4c56bc] SESSION CHECK - No active session
[2025-12-02 13:13:29] [IP: 10.0.1.75] [Session: 81fd58f5fc4b39d66feca178448e2a24] SESSION CHECK - No active session
[2025-12-02 13:14:16] [IP: 10.0.1.75] [Session: 09dd2f86d14f12441eb8afb7caa7a874] [User ID: 3824544] SESSION CHECK - Valid session
[2025-12-02 13:18:27] [IP: 10.0.1.75] [Session: 09dd2f86d14f12441eb8afb7caa7a874] [User ID: 3824544] SESSION CHECK - Valid session
[2025-12-02 13:23:26] [IP: 10.0.1.75] [Session: 04ccdea24b7e1312113a3cc8f8f6f5fb] SESSION CHECK - No active session
[2025-12-02 13:26:25] [IP: 10.0.1.75] [Session: 04ccdea24b7e1312113a3cc8f8f6f5fb] SESSION CHECK - No active session
[2025-12-02 13:26:26] [IP: 10.0.1.75] [Session: 04ccdea24b7e1312113a3cc8f8f6f5fb] SESSION CHECK - No active session
[2025-12-02 13:31:26] [IP: 10.0.1.75] [Session: 04ccdea24b7e1312113a3cc8f8f6f5fb] SESSION CHECK - No active session
[2025-12-02 13:34:57] [IP: 10.0.1.75] [Session: 04ccdea24b7e1312113a3cc8f8f6f5fb] SESSION CHECK - No active session
[2025-12-02 13:34:58] [IP: 10.0.1.75] [Session: 04ccdea24b7e1312113a3cc8f8f6f5fb] SESSION CHECK - No active session
[2025-12-02 14:18:53] [IP: 10.0.1.75] [Session: 04ccdea24b7e1312113a3cc8f8f6f5fb] SESSION CHECK - No active session
[2025-12-02 14:18:53] [IP: 10.0.1.75] [Session: 04ccdea24b7e1312113a3cc8f8f6f5fb] SESSION CHECK - No active session
[2025-12-02 14:19:32] [IP: 10.0.1.75] [Session: 04ccdea24b7e1312113a3cc8f8f6f5fb] SESSION CHECK - No active session
[2025-12-02 14:19:32] [IP: 10.0.1.75] [Session: 04ccdea24b7e1312113a3cc8f8f6f5fb] SESSION CHECK - No active session
[2025-12-02 15:54:16] [IP: ::1] [Session: 6edceb053a93f8dd5055036f9b7f4b95] SESSION CHECK - No active session
[2025-12-02 15:54:16] [IP: ::1] [Session: 80cf6011de32fe0486cf023303bc953c] SESSION CHECK - No active session
[2025-12-02 15:56:46] [IP: ::1] [Session: 80cf6011de32fe0486cf023303bc953c] SESSION CHECK - No active session
[2025-12-02 15:56:46] [IP: ::1] [Session: 80cf6011de32fe0486cf023303bc953c] SESSION CHECK - No active session
[2025-12-02 16:01:46] [IP: ::1] [Session: 80cf6011de32fe0486cf023303bc953c] SESSION CHECK - No active session
[2025-12-02 16:06:46] [IP: ::1] [Session: 80cf6011de32fe0486cf023303bc953c] SESSION CHECK - No active session
[2025-12-02 16:11:46] [IP: ::1] [Session: 80cf6011de32fe0486cf023303bc953c] SESSION CHECK - No active session
[2025-12-02 16:16:46] [IP: ::1] [Session: 80cf6011de32fe0486cf023303bc953c] SESSION CHECK - No active session
[2025-12-02 16:20:43] [IP: ::1] [Session: 80cf6011de32fe0486cf023303bc953c] SESSION CHECK - No active session
[2025-12-02 16:20:43] [IP: ::1] [Session: 80cf6011de32fe0486cf023303bc953c] SESSION CHECK - No active session
[2025-12-02 16:25:42] [IP: ::1] [Session: 80cf6011de32fe0486cf023303bc953c] SESSION CHECK - No active session
[2025-12-02 16:30:42] [IP: ::1] [Session: 80cf6011de32fe0486cf023303bc953c] SESSION CHECK - No active session
[2025-12-02 16:35:42] [IP: ::1] [Session: 80cf6011de32fe0486cf023303bc953c] SESSION CHECK - No active session
[2025-12-02 16:40:42] [IP: ::1] [Session: 80cf6011de32fe0486cf023303bc953c] SESSION CHECK - No active session
[2025-12-02 16:45:42] [IP: ::1] [Session: 80cf6011de32fe0486cf023303bc953c] SESSION CHECK - No active session
[2025-12-02 16:50:42] [IP: ::1] [Session: 80cf6011de32fe0486cf023303bc953c] SESSION CHECK - No active session
[2025-12-02 16:55:42] [IP: ::1] [Session: 80cf6011de32fe0486cf023303bc953c] SESSION CHECK - No active session
[2025-12-02 17:00:42] [IP: ::1] [Session: 80cf6011de32fe0486cf023303bc953c] SESSION CHECK - No active session
[2025-12-02 17:05:42] [IP: ::1] [Session: 80cf6011de32fe0486cf023303bc953c] SESSION CHECK - No active session
[2025-12-02 17:07:37] [IP: ::1] [Session: 80cf6011de32fe0486cf023303bc953c] SESSION CHECK - No active session
[2025-12-02 17:07:38] [IP: ::1] [Session: 80cf6011de32fe0486cf023303bc953c] SESSION CHECK - No active session
[2025-12-02 17:12:37] [IP: ::1] [Session: 80cf6011de32fe0486cf023303bc953c] SESSION CHECK - No active session
[2025-12-02 17:17:37] [IP: ::1] [Session: 80cf6011de32fe0486cf023303bc953c] SESSION CHECK - No active session
[2025-12-03 04:23:00] [IP: ::1] [Session: 0c936d1303b8737af1285fbd28f519bb] SESSION CHECK - No active session
[2025-12-03 04:23:01] [IP: ::1] [Session: ee8c51f10a28e9dbe114de168bb5f0f3] SESSION CHECK - No active session
[2025-12-03 04:28:00] [IP: ::1] [Session: ee8c51f10a28e9dbe114de168bb5f0f3] SESSION CHECK - No active session
[2025-12-03 04:33:00] [IP: ::1] [Session: ee8c51f10a28e9dbe114de168bb5f0f3] SESSION CHECK - No active session
[2025-12-03 04:38:00] [IP: ::1] [Session: ee8c51f10a28e9dbe114de168bb5f0f3] SESSION CHECK - No active session
[2025-12-03 04:40:59] [IP: 10.0.1.75] [Session: 8a3dc9f5f810bdca5127f6aa4d410965] SESSION CHECK - No active session
[2025-12-03 04:40:59] [IP: 10.0.1.75] [Session: 16e3f3727b4e26b196deb900e582c3fc] SESSION CHECK - No active session
[2025-12-03 04:42:39] [IP: 10.0.0.97] [Session: a106313d68d46b33316077e1e3908436] SESSION CHECK - No active session
[2025-12-03 04:42:40] [IP: 10.0.0.97] [Session: cd0a1ec2e020f807c8b1cd30d1569745] SESSION CHECK - No active session
[2025-12-03 04:45:12] [IP: 10.0.0.97] [Session: cd0a1ec2e020f807c8b1cd30d1569745] SESSION CHECK - No active session
[2025-12-03 04:45:12] [IP: 10.0.0.97] [Session: cd0a1ec2e020f807c8b1cd30d1569745] SESSION CHECK - No active session
[2025-12-03 04:45:56] [IP: 10.0.1.75] [Session: 16e3f3727b4e26b196deb900e582c3fc] SESSION CHECK - No active session
[2025-12-03 04:48:00] [IP: 10.0.1.75] [Session: 16e3f3727b4e26b196deb900e582c3fc] SESSION CHECK - No active session
[2025-12-03 04:48:00] [IP: 10.0.1.75] [Session: 16e3f3727b4e26b196deb900e582c3fc] SESSION CHECK - No active session
[2025-12-03 04:50:10] [IP: 10.0.0.97] [Session: cd0a1ec2e020f807c8b1cd30d1569745] SESSION CHECK - No active session
[2025-12-03 04:53:00] [IP: 10.0.1.75] [Session: 16e3f3727b4e26b196deb900e582c3fc] SESSION CHECK - No active session
[2025-12-03 04:58:02] [IP: 10.0.1.75] [Session: 16e3f3727b4e26b196deb900e582c3fc] SESSION CHECK - No active session
[2025-12-03 05:03:00] [IP: 10.0.1.75] [Session: 16e3f3727b4e26b196deb900e582c3fc] SESSION CHECK - No active session
[2025-12-03 05:13:00] [IP: 10.0.1.75] [Session: 16e3f3727b4e26b196deb900e582c3fc] SESSION CHECK - No active session
[2025-12-03 05:18:00] [IP: 10.0.1.75] [Session: 16e3f3727b4e26b196deb900e582c3fc] SESSION CHECK - No active session
[2025-12-03 05:18:07] [IP: 10.0.0.97] [Session: cd0a1ec2e020f807c8b1cd30d1569745] SESSION CHECK - No active session
[2025-12-03 05:18:10] [IP: 10.0.0.97] [Session: cd0a1ec2e020f807c8b1cd30d1569745] SESSION CHECK - No active session
[2025-12-03 05:23:45] [IP: 10.0.1.75] [Session: 16e3f3727b4e26b196deb900e582c3fc] SESSION CHECK - No active session
[2025-12-03 05:28:50] [IP: 10.0.1.75] [Session: 16e3f3727b4e26b196deb900e582c3fc] SESSION CHECK - No active session
[2025-12-03 05:33:56] [IP: 10.0.1.75] [Session: 16e3f3727b4e26b196deb900e582c3fc] SESSION CHECK - No active session
[2025-12-03 05:38:07] [IP: 10.0.1.75] [Session: 16e3f3727b4e26b196deb900e582c3fc] SESSION CHECK - No active session
[2025-12-03 05:38:08] [IP: 10.0.1.75] [Session: 16e3f3727b4e26b196deb900e582c3fc] SESSION CHECK - No active session
[2025-12-03 05:38:09] [IP: 10.0.1.75] [Session: 16e3f3727b4e26b196deb900e582c3fc] SESSION CHECK - No active session
[2025-12-03 05:43:08] [IP: 10.0.1.75] [Session: 16e3f3727b4e26b196deb900e582c3fc] SESSION CHECK - No active session
[2025-12-03 05:48:08] [IP: 10.0.1.75] [Session: 16e3f3727b4e26b196deb900e582c3fc] SESSION CHECK - No active session
[2025-12-03 05:52:58] [IP: 10.0.1.75] [Session: 16e3f3727b4e26b196deb900e582c3fc] SESSION CHECK - No active session
[2025-12-03 05:52:59] [IP: 10.0.1.75] [Session: 16e3f3727b4e26b196deb900e582c3fc] SESSION CHECK - No active session
[2025-12-03 05:57:59] [IP: 10.0.1.75] [Session: 16e3f3727b4e26b196deb900e582c3fc] SESSION CHECK - No active session
[2025-12-03 06:02:59] [IP: 10.0.1.75] [Session: 16e3f3727b4e26b196deb900e582c3fc] SESSION CHECK - No active session
[2025-12-03 06:07:59] [IP: 10.0.1.75] [Session: 16e3f3727b4e26b196deb900e582c3fc] SESSION CHECK - No active session
[2025-12-03 06:12:59] [IP: 10.0.1.75] [Session: 16e3f3727b4e26b196deb900e582c3fc] SESSION CHECK - No active session
[2025-12-03 06:17:59] [IP: 10.0.1.75] [Session: 16e3f3727b4e26b196deb900e582c3fc] SESSION CHECK - No active session
[2025-12-03 06:22:59] [IP: 10.0.1.75] [Session: 16e3f3727b4e26b196deb900e582c3fc] SESSION CHECK - No active session
[2025-12-03 06:28:57] [IP: 10.0.1.75] [Session: 16e3f3727b4e26b196deb900e582c3fc] SESSION CHECK - No active session
[2025-12-03 06:33:57] [IP: 10.0.1.75] [Session: 16e3f3727b4e26b196deb900e582c3fc] SESSION CHECK - No active session
[2025-12-03 06:38:57] [IP: 10.0.1.75] [Session: 16e3f3727b4e26b196deb900e582c3fc] SESSION CHECK - No active session
[2025-12-03 06:43:57] [IP: 10.0.1.75] [Session: 16e3f3727b4e26b196deb900e582c3fc] SESSION CHECK - No active session
[2025-12-03 06:48:29] [IP: 10.0.1.75] [Session: 16e3f3727b4e26b196deb900e582c3fc] SESSION CHECK - No active session
[2025-12-03 06:53:34] [IP: 10.0.1.75] [Session: 16e3f3727b4e26b196deb900e582c3fc] SESSION CHECK - No active session
[2025-12-03 06:58:39] [IP: 10.0.1.75] [Session: 16e3f3727b4e26b196deb900e582c3fc] SESSION CHECK - No active session
[2025-12-03 07:03:44] [IP: 10.0.1.75] [Session: 16e3f3727b4e26b196deb900e582c3fc] SESSION CHECK - No active session
[2025-12-03 08:18:58] [IP: 10.0.1.75] [Session: 16e3f3727b4e26b196deb900e582c3fc] SESSION CHECK - No active session
[2025-12-03 08:23:57] [IP: 10.0.1.75] [Session: 16e3f3727b4e26b196deb900e582c3fc] SESSION CHECK - No active session
[2025-12-03 08:28:34] [IP: 10.0.1.75] [Session: 16e3f3727b4e26b196deb900e582c3fc] SESSION CHECK - No active session
[2025-12-03 08:28:35] [IP: 10.0.1.75] [Session: 16e3f3727b4e26b196deb900e582c3fc] SESSION CHECK - No active session
[2025-12-03 08:33:34] [IP: 10.0.1.75] [Session: 16e3f3727b4e26b196deb900e582c3fc] SESSION CHECK - No active session
[2025-12-03 08:38:34] [IP: 10.0.1.75] [Session: 16e3f3727b4e26b196deb900e582c3fc] SESSION CHECK - No active session
[2025-12-03 08:43:33] [IP: 10.0.1.75] [Session: 16e3f3727b4e26b196deb900e582c3fc] SESSION CHECK - No active session
[2025-12-03 08:45:45] [IP: 10.0.1.75] [Session: 16e3f3727b4e26b196deb900e582c3fc] SESSION CHECK - No active session
[2025-12-03 08:45:45] [IP: 10.0.1.75] [Session: 16e3f3727b4e26b196deb900e582c3fc] SESSION CHECK - No active session
[2025-12-03 08:48:04] [IP: 10.0.1.75] [Session: db46400cba4d9814b85b990c36d8234c] SESSION CHECK - No active session
[2025-12-03 08:48:04] [IP: 10.0.1.75] [Session: 5467c3fd59159698647211e5ac5bec58] SESSION CHECK - No active session
[2025-12-03 08:49:02] [IP: ::1] [Session: ee8c51f10a28e9dbe114de168bb5f0f3] SESSION CHECK - No active session
[2025-12-03 08:49:03] [IP: ::1] [Session: ee8c51f10a28e9dbe114de168bb5f0f3] SESSION CHECK - No active session
[2025-12-03 08:53:39] [IP: ::1] [Session: ee8c51f10a28e9dbe114de168bb5f0f3] SESSION CHECK - No active session
[2025-12-03 08:53:40] [IP: ::1] [Session: ee8c51f10a28e9dbe114de168bb5f0f3] SESSION CHECK - No active session
[2025-12-03 08:53:59] [IP: ::1] [Session: ee8c51f10a28e9dbe114de168bb5f0f3] SESSION CHECK - No active session
[2025-12-03 08:53:59] [IP: ::1] [Session: ee8c51f10a28e9dbe114de168bb5f0f3] SESSION CHECK - No active session
[2025-12-03 08:58:59] [IP: ::1] [Session: ee8c51f10a28e9dbe114de168bb5f0f3] SESSION CHECK - No active session
[2025-12-03 09:00:26] [IP: ::1] [Session: ee8c51f10a28e9dbe114de168bb5f0f3] SESSION CHECK - No active session
[2025-12-03 09:00:26] [IP: ::1] [Session: ee8c51f10a28e9dbe114de168bb5f0f3] SESSION CHECK - No active session
[2025-12-03 09:05:25] [IP: ::1] [Session: ee8c51f10a28e9dbe114de168bb5f0f3] SESSION CHECK - No active session
[2025-12-03 09:10:26] [IP: ::1] [Session: ee8c51f10a28e9dbe114de168bb5f0f3] SESSION CHECK - No active session
[2025-12-03 09:12:56] [IP: ::1] [Session: ee8c51f10a28e9dbe114de168bb5f0f3] SESSION CHECK - No active session
[2025-12-03 09:12:56] [IP: ::1] [Session: ee8c51f10a28e9dbe114de168bb5f0f3] SESSION CHECK - No active session
[2025-12-03 09:17:56] [IP: ::1] [Session: ee8c51f10a28e9dbe114de168bb5f0f3] SESSION CHECK - No active session
[2025-12-03 09:22:56] [IP: ::1] [Session: ee8c51f10a28e9dbe114de168bb5f0f3] SESSION CHECK - No active session
[2025-12-03 09:27:56] [IP: ::1] [Session: ee8c51f10a28e9dbe114de168bb5f0f3] SESSION CHECK - No active session
[2025-12-03 09:29:46] [IP: ::1] [Session: ee8c51f10a28e9dbe114de168bb5f0f3] SESSION CHECK - No active session
[2025-12-03 09:29:47] [IP: ::1] [Session: ee8c51f10a28e9dbe114de168bb5f0f3] SESSION CHECK - No active session
[2025-12-03 09:34:47] [IP: ::1] [Session: ee8c51f10a28e9dbe114de168bb5f0f3] SESSION CHECK - No active session
[2025-12-03 09:40:17] [IP: ::1] [Session: ee8c51f10a28e9dbe114de168bb5f0f3] SESSION CHECK - No active session
[2025-12-03 09:40:20] [IP: ::1] [Session: ee8c51f10a28e9dbe114de168bb5f0f3] SESSION CHECK - No active session
[2025-12-03 09:40:21] [IP: ::1] [Session: ee8c51f10a28e9dbe114de168bb5f0f3] SESSION CHECK - No active session
[2025-12-03 09:45:21] [IP: ::1] [Session: ee8c51f10a28e9dbe114de168bb5f0f3] SESSION CHECK - No active session
[2025-12-03 10:00:54] [IP: ::1] [Session: ee8c51f10a28e9dbe114de168bb5f0f3] SESSION CHECK - No active session
[2025-12-03 10:00:58] [IP: ::1] [Session: ee8c51f10a28e9dbe114de168bb5f0f3] SESSION CHECK - No active session
[2025-12-03 10:00:58] [IP: ::1] [Session: ee8c51f10a28e9dbe114de168bb5f0f3] SESSION CHECK - No active session
[2025-12-03 10:05:58] [IP: ::1] [Session: ee8c51f10a28e9dbe114de168bb5f0f3] SESSION CHECK - No active session
[2025-12-03 10:06:17] [IP: ::1] [Session: ee8c51f10a28e9dbe114de168bb5f0f3] SESSION CHECK - No active session
[2025-12-03 10:06:17] [IP: ::1] [Session: ee8c51f10a28e9dbe114de168bb5f0f3] SESSION CHECK - No active session
[2025-12-03 10:11:17] [IP: ::1] [Session: ee8c51f10a28e9dbe114de168bb5f0f3] SESSION CHECK - No active session
[2025-12-03 10:13:00] [IP: ::1] [Session: ee8c51f10a28e9dbe114de168bb5f0f3] SESSION CHECK - No active session
[2025-12-03 10:13:00] [IP: ::1] [Session: ee8c51f10a28e9dbe114de168bb5f0f3] SESSION CHECK - No active session
[2025-12-03 10:15:11] [IP: ::1] [Session: ee8c51f10a28e9dbe114de168bb5f0f3] SESSION CHECK - No active session
[2025-12-03 10:15:11] [IP: ::1] [Session: ee8c51f10a28e9dbe114de168bb5f0f3] SESSION CHECK - No active session
[2025-12-03 10:20:11] [IP: ::1] [Session: ee8c51f10a28e9dbe114de168bb5f0f3] SESSION CHECK - No active session
[2025-12-03 10:22:09] [IP: ::1] [Session: ee8c51f10a28e9dbe114de168bb5f0f3] SESSION CHECK - No active session
[2025-12-03 10:22:09] [IP: ::1] [Session: ee8c51f10a28e9dbe114de168bb5f0f3] SESSION CHECK - No active session
[2025-12-03 10:24:25] [IP: ::1] [Session: ee8c51f10a28e9dbe114de168bb5f0f3] SESSION CHECK - No active session
[2025-12-03 10:24:25] [IP: ::1] [Session: ee8c51f10a28e9dbe114de168bb5f0f3] SESSION CHECK - No active session
[2025-12-03 12:44:24] [IP: ::1] [Session: ee8c51f10a28e9dbe114de168bb5f0f3] SESSION CHECK - No active session
[2025-12-03 12:44:31] [IP: ::1] [Session: ee8c51f10a28e9dbe114de168bb5f0f3] SESSION CHECK - No active session
[2025-12-03 12:44:31] [IP: ::1] [Session: ee8c51f10a28e9dbe114de168bb5f0f3] SESSION CHECK - No active session
[2025-12-03 12:49:32] [IP: ::1] [Session: ee8c51f10a28e9dbe114de168bb5f0f3] SESSION CHECK - No active session
[2025-12-03 12:54:32] [IP: ::1] [Session: ee8c51f10a28e9dbe114de168bb5f0f3] SESSION CHECK - No active session
[2025-12-03 12:59:31] [IP: ::1] [Session: ee8c51f10a28e9dbe114de168bb5f0f3] SESSION CHECK - No active session
[2025-12-03 13:04:32] [IP: ::1] [Session: ee8c51f10a28e9dbe114de168bb5f0f3] SESSION CHECK - No active session
[2025-12-03 13:09:32] [IP: ::1] [Session: ee8c51f10a28e9dbe114de168bb5f0f3] SESSION CHECK - No active session
[2025-12-03 13:14:32] [IP: ::1] [Session: ee8c51f10a28e9dbe114de168bb5f0f3] SESSION CHECK - No active session
[2025-12-03 13:19:31] [IP: ::1] [Session: ee8c51f10a28e9dbe114de168bb5f0f3] SESSION CHECK - No active session
[2025-12-03 13:24:32] [IP: ::1] [Session: ee8c51f10a28e9dbe114de168bb5f0f3] SESSION CHECK - No active session
[2025-12-03 13:29:37] [IP: ::1] [Session: ee8c51f10a28e9dbe114de168bb5f0f3] SESSION CHECK - No active session
[2025-12-03 13:34:42] [IP: ::1] [Session: ee8c51f10a28e9dbe114de168bb5f0f3] SESSION CHECK - No active session
[2025-12-03 13:39:47] [IP: ::1] [Session: ee8c51f10a28e9dbe114de168bb5f0f3] SESSION CHECK - No active session
[2025-12-03 13:44:52] [IP: ::1] [Session: ee8c51f10a28e9dbe114de168bb5f0f3] SESSION CHECK - No active session
[2025-12-03 13:48:33] [IP: ::1] [Session: 34aa1410c88eca66bf5fe68912fcf31b] [User ID: 3824544] SESSION CHECK - Valid session
[2025-12-03 13:49:31] [IP: ::1] [Session: 34aa1410c88eca66bf5fe68912fcf31b] [User ID: 3824544] SESSION CHECK - Valid session
[2025-12-03 13:54:57] [IP: ::1] [Session: 34aa1410c88eca66bf5fe68912fcf31b] [User ID: 3824544] SESSION CHECK - Valid session
[2025-12-03 13:59:32] [IP: ::1] [Session: 34aa1410c88eca66bf5fe68912fcf31b] [User ID: 3824544] SESSION CHECK - Valid session
[2025-12-03 14:01:19] [IP: ::1] [Session: 34aa1410c88eca66bf5fe68912fcf31b] [User ID: 3824544] SESSION CHECK - Valid session
[2025-12-03 14:01:19] [IP: ::1] [Session: 34aa1410c88eca66bf5fe68912fcf31b] [User ID: 3824544] SESSION CHECK - Valid session
[2025-12-03 14:02:15] [IP: ::1] [Session: 34aa1410c88eca66bf5fe68912fcf31b] [User ID: 3824544] SESSION CHECK - Valid session
[2025-12-03 14:02:15] [IP: ::1] [Session: 34aa1410c88eca66bf5fe68912fcf31b] [User ID: 3824544] SESSION CHECK - Valid session
[2025-12-03 14:02:18] [IP: ::1] [Session: 34aa1410c88eca66bf5fe68912fcf31b] [User ID: 3824544] SESSION CHECK - Valid session
[2025-12-03 14:02:18] [IP: ::1] [Session: 34aa1410c88eca66bf5fe68912fcf31b] [User ID: 3824544] SESSION CHECK - Valid session
[2025-12-03 14:02:24] [IP: ::1] [Session: 34aa1410c88eca66bf5fe68912fcf31b] [User ID: 3824544] SESSION CHECK - Valid session
[2025-12-03 14:02:24] [IP: ::1] [Session: 34aa1410c88eca66bf5fe68912fcf31b] [User ID: 3824544] SESSION CHECK - Valid session
[2025-12-03 14:02:30] [IP: ::1] [Session: 34aa1410c88eca66bf5fe68912fcf31b] [User ID: 3824544] SESSION CHECK - Valid session
[2025-12-03 14:02:30] [IP: ::1] [Session: 34aa1410c88eca66bf5fe68912fcf31b] [User ID: 3824544] SESSION CHECK - Valid session
[2025-12-03 14:02:32] [IP: ::1] [Session: 34aa1410c88eca66bf5fe68912fcf31b] [User ID: 3824544] SESSION CHECK - Valid session
[2025-12-03 14:02:32] [IP: ::1] [Session: 34aa1410c88eca66bf5fe68912fcf31b] [User ID: 3824544] SESSION CHECK - Valid session
[2025-12-03 14:03:29] [IP: ::1] [Session: 34aa1410c88eca66bf5fe68912fcf31b] [User ID: 3824544] SESSION CHECK - Valid session
[2025-12-03 14:03:29] [IP: ::1] [Session: 34aa1410c88eca66bf5fe68912fcf31b] [User ID: 3824544] SESSION CHECK - Valid session
[2025-12-03 14:03:32] [IP: ::1] [Session: 34aa1410c88eca66bf5fe68912fcf31b] [User ID: 3824544] SESSION CHECK - Valid session
[2025-12-03 14:03:32] [IP: ::1] [Session: 34aa1410c88eca66bf5fe68912fcf31b] [User ID: 3824544] SESSION CHECK - Valid session
[2025-12-03 14:05:36] [IP: ::1] [Session: 34aa1410c88eca66bf5fe68912fcf31b] [User ID: 3824544] SESSION CHECK - Valid session
[2025-12-03 14:05:36] [IP: ::1] [Session: 34aa1410c88eca66bf5fe68912fcf31b] [User ID: 3824544] SESSION CHECK - Valid session
[2025-12-03 14:07:18] [IP: ::1] [Session: 34aa1410c88eca66bf5fe68912fcf31b] [User ID: 3824544] SESSION CHECK - Valid session
[2025-12-03 14:07:18] [IP: ::1] [Session: 34aa1410c88eca66bf5fe68912fcf31b] [User ID: 3824544] SESSION CHECK - Valid session
[2025-12-03 14:08:14] [IP: ::1] [Session: 34aa1410c88eca66bf5fe68912fcf31b] [User ID: 3824544] SESSION CHECK - Valid session
[2025-12-03 14:08:14] [IP: ::1] [Session: 34aa1410c88eca66bf5fe68912fcf31b] [User ID: 3824544] SESSION CHECK - Valid session
[2025-12-03 14:08:16] [IP: ::1] [Session: 34aa1410c88eca66bf5fe68912fcf31b] [User ID: 3824544] SESSION CHECK - Valid session
[2025-12-03 14:08:16] [IP: ::1] [Session: 34aa1410c88eca66bf5fe68912fcf31b] [User ID: 3824544] SESSION CHECK - Valid session
[2025-12-03 14:08:24] [IP: ::1] [Session: 34aa1410c88eca66bf5fe68912fcf31b] [User ID: 3824544] SESSION CHECK - Valid session
[2025-12-03 14:08:24] [IP: ::1] [Session: 34aa1410c88eca66bf5fe68912fcf31b] [User ID: 3824544] SESSION CHECK - Valid session
[2025-12-03 14:08:27] [IP: ::1] [Session: 34aa1410c88eca66bf5fe68912fcf31b] [User ID: 3824544] SESSION CHECK - Valid session
[2025-12-03 14:08:27] [IP: ::1] [Session: 34aa1410c88eca66bf5fe68912fcf31b] [User ID: 3824544] SESSION CHECK - Valid session
[2025-12-03 14:08:31] [IP: ::1] [Session: 34aa1410c88eca66bf5fe68912fcf31b] [User ID: 3824544] SESSION CHECK - Valid session
[2025-12-03 14:08:31] [IP: ::1] [Session: 34aa1410c88eca66bf5fe68912fcf31b] [User ID: 3824544] SESSION CHECK - Valid session
[2025-12-03 14:08:44] [IP: ::1] [Session: 34aa1410c88eca66bf5fe68912fcf31b] [User ID: 3824544] SESSION CHECK - Valid session
[2025-12-03 14:08:44] [IP: ::1] [Session: 34aa1410c88eca66bf5fe68912fcf31b] [User ID: 3824544] SESSION CHECK - Valid session
[2025-12-03 14:08:50] [IP: ::1] [Session: 34aa1410c88eca66bf5fe68912fcf31b] [User ID: 3824544] SESSION CHECK - Valid session
[2025-12-03 14:08:50] [IP: ::1] [Session: 34aa1410c88eca66bf5fe68912fcf31b] [User ID: 3824544] SESSION CHECK - Valid session
[2025-12-03 14:08:53] [IP: ::1] [Session: 34aa1410c88eca66bf5fe68912fcf31b] [User ID: 3824544] SESSION CHECK - Valid session
[2025-12-03 14:08:53] [IP: ::1] [Session: 34aa1410c88eca66bf5fe68912fcf31b] [User ID: 3824544] SESSION CHECK - Valid session
[2025-12-03 14:08:56] [IP: ::1] [Session: 34aa1410c88eca66bf5fe68912fcf31b] [User ID: 3824544] SESSION CHECK - Valid session
[2025-12-03 14:08:56] [IP: ::1] [Session: 34aa1410c88eca66bf5fe68912fcf31b] [User ID: 3824544] SESSION CHECK - Valid session
[2025-12-03 14:08:58] [IP: ::1] [Session: 34aa1410c88eca66bf5fe68912fcf31b] [User ID: 3824544] SESSION CHECK - Valid session
[2025-12-03 14:08:58] [IP: ::1] [Session: 34aa1410c88eca66bf5fe68912fcf31b] [User ID: 3824544] SESSION CHECK - Valid session
[2025-12-03 14:09:29] [IP: ::1] [Session: 34aa1410c88eca66bf5fe68912fcf31b] [User ID: 3824544] SESSION CHECK - Valid session
[2025-12-03 14:09:29] [IP: ::1] [Session: 34aa1410c88eca66bf5fe68912fcf31b] [User ID: 3824544] SESSION CHECK - Valid session
[2025-12-03 14:12:55] [IP: ::1] [Session: 34aa1410c88eca66bf5fe68912fcf31b] [User ID: 3824544] SESSION CHECK - Valid session
[2025-12-03 14:12:56] [IP: ::1] [Session: 34aa1410c88eca66bf5fe68912fcf31b] [User ID: 3824544] SESSION CHECK - Valid session
[2025-12-03 14:17:02] [IP: ::1] [Session: 34aa1410c88eca66bf5fe68912fcf31b] [User ID: 3824544] SESSION CHECK - Valid session
[2025-12-03 14:17:02] [IP: ::1] [Session: 34aa1410c88eca66bf5fe68912fcf31b] [User ID: 3824544] SESSION CHECK - Valid session
[2025-12-03 14:17:10] [IP: ::1] [Session: 34aa1410c88eca66bf5fe68912fcf31b] [User ID: 3824544] SESSION CHECK - Valid session
[2025-12-03 14:17:10] [IP: ::1] [Session: 34aa1410c88eca66bf5fe68912fcf31b] [User ID: 3824544] SESSION CHECK - Valid session
[2025-12-03 14:22:11] [IP: ::1] [Session: 34aa1410c88eca66bf5fe68912fcf31b] [User ID: 3824544] SESSION CHECK - Valid session
[2025-12-03 14:24:58] [IP: ::1] [Session: 34aa1410c88eca66bf5fe68912fcf31b] [User ID: 3824544] SESSION CHECK - Valid session
[2025-12-03 14:24:58] [IP: ::1] [Session: 34aa1410c88eca66bf5fe68912fcf31b] [User ID: 3824544] SESSION CHECK - Valid session
[2025-12-03 14:24:59] [IP: ::1] [Session: 34aa1410c88eca66bf5fe68912fcf31b] [User ID: 3824544] SESSION CHECK - Valid session
[2025-12-03 14:24:59] [IP: ::1] [Session: 34aa1410c88eca66bf5fe68912fcf31b] [User ID: 3824544] SESSION CHECK - Valid session
[2025-12-03 14:25:18] [IP: ::1] [Session: 34aa1410c88eca66bf5fe68912fcf31b] [User ID: 3824544] SESSION CHECK - Valid session
[2025-12-03 14:25:18] [IP: ::1] [Session: 34aa1410c88eca66bf5fe68912fcf31b] [User ID: 3824544] SESSION CHECK - Valid session
[2025-12-03 14:25:19] [IP: ::1] [Session: 34aa1410c88eca66bf5fe68912fcf31b] [User ID: 3824544] SESSION CHECK - Valid session
[2025-12-03 14:25:19] [IP: ::1] [Session: 34aa1410c88eca66bf5fe68912fcf31b] [User ID: 3824544] SESSION CHECK - Valid session
[2025-12-03 14:25:22] [IP: ::1] [Session: 34aa1410c88eca66bf5fe68912fcf31b] [User ID: 3824544] SESSION CHECK - Valid session
[2025-12-03 14:25:22] [IP: ::1] [Session: 34aa1410c88eca66bf5fe68912fcf31b] [User ID: 3824544] SESSION CHECK - Valid session
[2025-12-03 14:28:08] [IP: ::1] [Session: 34aa1410c88eca66bf5fe68912fcf31b] [User ID: 3824544] SESSION CHECK - Valid session
[2025-12-03 14:28:08] [IP: ::1] [Session: 34aa1410c88eca66bf5fe68912fcf31b] [User ID: 3824544] SESSION CHECK - Valid session
[2025-12-03 14:33:09] [IP: ::1] [Session: 34aa1410c88eca66bf5fe68912fcf31b] [User ID: 3824544] SESSION CHECK - Valid session
[2025-12-03 14:36:23] [IP: ::1] [Session: 34aa1410c88eca66bf5fe68912fcf31b] [User ID: 3824544] SESSION CHECK - Valid session
[2025-12-03 14:36:23] [IP: ::1] [Session: 34aa1410c88eca66bf5fe68912fcf31b] [User ID: 3824544] SESSION CHECK - Valid session
[2025-12-03 14:36:26] [IP: ::1] [Session: 34aa1410c88eca66bf5fe68912fcf31b] [User ID: 3824544] SESSION CHECK - Valid session
[2025-12-03 14:36:26] [IP: ::1] [Session: 34aa1410c88eca66bf5fe68912fcf31b] [User ID: 3824544] SESSION CHECK - Valid session
[2025-12-03 14:37:33] [IP: ::1] [Session: 34aa1410c88eca66bf5fe68912fcf31b] [User ID: 3824544] SESSION CHECK - Valid session
[2025-12-03 14:37:33] [IP: ::1] [Session: 34aa1410c88eca66bf5fe68912fcf31b] [User ID: 3824544] SESSION CHECK - Valid session
[2025-12-03 14:38:01] [IP: ::1] [Session: 34aa1410c88eca66bf5fe68912fcf31b] [User ID: 3824544] SESSION CHECK - Valid session
[2025-12-03 14:38:01] [IP: ::1] [Session: 34aa1410c88eca66bf5fe68912fcf31b] [User ID: 3824544] SESSION CHECK - Valid session
[2025-12-03 14:39:35] [IP: ::1] [Session: 34aa1410c88eca66bf5fe68912fcf31b] [User ID: 3824544] SESSION CHECK - Valid session
[2025-12-03 14:39:35] [IP: ::1] [Session: 34aa1410c88eca66bf5fe68912fcf31b] [User ID: 3824544] SESSION CHECK - Valid session
[2025-12-03 14:41:43] [IP: ::1] [Session: 34aa1410c88eca66bf5fe68912fcf31b] [User ID: 3824544] SESSION CHECK - Valid session
[2025-12-03 14:41:44] [IP: ::1] [Session: 34aa1410c88eca66bf5fe68912fcf31b] [User ID: 3824544] SESSION CHECK - Valid session
[2025-12-03 14:41:46] [IP: ::1] [Session: 34aa1410c88eca66bf5fe68912fcf31b] [User ID: 3824544] SESSION CHECK - Valid session
[2025-12-03 14:41:47] [IP: ::1] [Session: 34aa1410c88eca66bf5fe68912fcf31b] [User ID: 3824544] SESSION CHECK - Valid session
[2025-12-03 14:42:33] [IP: ::1] [Session: 34aa1410c88eca66bf5fe68912fcf31b] [User ID: 3824544] SESSION CHECK - Valid session
[2025-12-03 14:42:33] [IP: ::1] [Session: 34aa1410c88eca66bf5fe68912fcf31b] [User ID: 3824544] SESSION CHECK - Valid session
[2025-12-03 14:43:32] [IP: ::1] [Session: 34aa1410c88eca66bf5fe68912fcf31b] [User ID: 3824544] SESSION CHECK - Valid session
[2025-12-03 14:43:32] [IP: ::1] [Session: 34aa1410c88eca66bf5fe68912fcf31b] [User ID: 3824544] SESSION CHECK - Valid session
[2025-12-03 14:43:36] [IP: ::1] [Session: 34aa1410c88eca66bf5fe68912fcf31b] [User ID: 3824544] SESSION CHECK - Valid session
[2025-12-03 14:43:36] [IP: ::1] [Session: 34aa1410c88eca66bf5fe68912fcf31b] [User ID: 3824544] SESSION CHECK - Valid session
[2025-12-03 14:48:42] [IP: ::1] [Session: 34aa1410c88eca66bf5fe68912fcf31b] [User ID: 3824544] SESSION CHECK - Valid session
[2025-12-03 14:48:42] [IP: ::1] [Session: 34aa1410c88eca66bf5fe68912fcf31b] [User ID: 3824544] SESSION CHECK - Valid session
[2025-12-03 14:49:00] [IP: ::1] [Session: 34aa1410c88eca66bf5fe68912fcf31b] [User ID: 3824544] SESSION CHECK - Valid session
[2025-12-03 14:49:01] [IP: ::1] [Session: 34aa1410c88eca66bf5fe68912fcf31b] [User ID: 3824544] SESSION CHECK - Valid session
[2025-12-03 14:49:16] [IP: ::1] [Session: 34aa1410c88eca66bf5fe68912fcf31b] [User ID: 3824544] SESSION CHECK - Valid session
[2025-12-03 14:49:17] [IP: ::1] [Session: 34aa1410c88eca66bf5fe68912fcf31b] [User ID: 3824544] SESSION CHECK - Valid session
[2025-12-03 14:54:17] [IP: ::1] [Session: 34aa1410c88eca66bf5fe68912fcf31b] [User ID: 3824544] SESSION CHECK - Valid session
[2025-12-03 14:59:16] [IP: ::1] [Session: 34aa1410c88eca66bf5fe68912fcf31b] [User ID: 3824544] SESSION CHECK - Valid session
[2025-12-03 15:04:17] [IP: ::1] [Session: 34aa1410c88eca66bf5fe68912fcf31b] [User ID: 3824544] SESSION CHECK - Valid session
[2025-12-03 15:09:17] [IP: ::1] [Session: 34aa1410c88eca66bf5fe68912fcf31b] [User ID: 3824544] SESSION CHECK - Valid session
[2025-12-03 15:14:17] [IP: ::1] [Session: 34aa1410c88eca66bf5fe68912fcf31b] [User ID: 3824544] SESSION CHECK - Valid session
[2025-12-03 15:19:46] [IP: ::1] [Session: 34aa1410c88eca66bf5fe68912fcf31b] [User ID: 3824544] SESSION CHECK - Valid session
[2025-12-03 15:24:57] [IP: ::1] [Session: 34aa1410c88eca66bf5fe68912fcf31b] [User ID: 3824544] SESSION CHECK - Valid session
[2025-12-03 15:29:01] [IP: ::1] [Session: 34aa1410c88eca66bf5fe68912fcf31b] [User ID: 3824544] SESSION CHECK - Valid session
[2025-12-03 15:29:01] [IP: ::1] [Session: 34aa1410c88eca66bf5fe68912fcf31b] [User ID: 3824544] SESSION CHECK - Valid session
[2025-12-03 15:29:54] [IP: ::1] [Session: 34aa1410c88eca66bf5fe68912fcf31b] [User ID: 3824544] SESSION CHECK - Valid session
[2025-12-03 15:29:54] [IP: ::1] [Session: 34aa1410c88eca66bf5fe68912fcf31b] [User ID: 3824544] SESSION CHECK - Valid session
[2025-12-03 15:29:56] [IP: ::1] [Session: 34aa1410c88eca66bf5fe68912fcf31b] [User ID: 3824544] SESSION CHECK - Valid session
[2025-12-03 15:29:56] [IP: ::1] [Session: 34aa1410c88eca66bf5fe68912fcf31b] [User ID: 3824544] SESSION CHECK - Valid session
[2025-12-03 15:30:05] [IP: ::1] [Session: 34aa1410c88eca66bf5fe68912fcf31b] [User ID: 3824544] SESSION CHECK - Valid session
[2025-12-03 15:30:05] [IP: ::1] [Session: 34aa1410c88eca66bf5fe68912fcf31b] [User ID: 3824544] SESSION CHECK - Valid session
[2025-12-03 15:30:11] [IP: ::1] [Session: 34aa1410c88eca66bf5fe68912fcf31b] [User ID: 3824544] SESSION CHECK - Valid session
[2025-12-03 15:30:11] [IP: ::1] [Session: 34aa1410c88eca66bf5fe68912fcf31b] [User ID: 3824544] SESSION CHECK - Valid session
[2025-12-03 15:34:09] [IP: ::1] [Session: 34aa1410c88eca66bf5fe68912fcf31b] [User ID: 3824544] SESSION CHECK - Valid session
[2025-12-03 15:34:09] [IP: ::1] [Session: 34aa1410c88eca66bf5fe68912fcf31b] [User ID: 3824544] SESSION CHECK - Valid session
[2025-12-03 15:37:43] [IP: ::1] [Session: 34aa1410c88eca66bf5fe68912fcf31b] [User ID: 3824544] SESSION CHECK - Valid session
[2025-12-03 15:37:43] [IP: ::1] [Session: 34aa1410c88eca66bf5fe68912fcf31b] [User ID: 3824544] SESSION CHECK - Valid session
[2025-12-03 15:37:45] [IP: ::1] [Session: 34aa1410c88eca66bf5fe68912fcf31b] [User ID: 3824544] SESSION CHECK - Valid session
[2025-12-03 15:37:45] [IP: ::1] [Session: 34aa1410c88eca66bf5fe68912fcf31b] [User ID: 3824544] SESSION CHECK - Valid session
[2025-12-03 15:42:45] [IP: ::1] [Session: 34aa1410c88eca66bf5fe68912fcf31b] [User ID: 3824544] SESSION CHECK - Valid session
[2025-12-03 15:45:27] [IP: ::1] [Session: 34aa1410c88eca66bf5fe68912fcf31b] [User ID: 3824544] SESSION CHECK - Valid session
[2025-12-03 15:45:27] [IP: ::1] [Session: 34aa1410c88eca66bf5fe68912fcf31b] [User ID: 3824544] SESSION CHECK - Valid session
[2025-12-03 15:45:29] [IP: ::1] [Session: 34aa1410c88eca66bf5fe68912fcf31b] [User ID: 3824544] SESSION CHECK - Valid session
[2025-12-03 15:45:29] [IP: ::1] [Session: 34aa1410c88eca66bf5fe68912fcf31b] [User ID: 3824544] SESSION CHECK - Valid session
[2025-12-03 15:48:48] [IP: ::1] [Session: 34aa1410c88eca66bf5fe68912fcf31b] [User ID: 3824544] SESSION CHECK - Valid session
[2025-12-03 15:48:48] [IP: ::1] [Session: 34aa1410c88eca66bf5fe68912fcf31b] [User ID: 3824544] SESSION CHECK - Valid session
[2025-12-03 15:48:54] [IP: ::1] [Session: 34aa1410c88eca66bf5fe68912fcf31b] [User ID: 3824544] SESSION CHECK - Valid session
[2025-12-03 15:48:54] [IP: ::1] [Session: 34aa1410c88eca66bf5fe68912fcf31b] [User ID: 3824544] SESSION CHECK - Valid session
[2025-12-03 15:50:54] [IP: ::1] [Session: 34aa1410c88eca66bf5fe68912fcf31b] [User ID: 3824544] SESSION CHECK - Valid session
[2025-12-03 15:50:54] [IP: ::1] [Session: 34aa1410c88eca66bf5fe68912fcf31b] [User ID: 3824544] SESSION CHECK - Valid session
[2025-12-03 15:50:55] [IP: ::1] [Session: 34aa1410c88eca66bf5fe68912fcf31b] [User ID: 3824544] SESSION CHECK - Valid session
[2025-12-03 15:50:55] [IP: ::1] [Session: 34aa1410c88eca66bf5fe68912fcf31b] [User ID: 3824544] SESSION CHECK - Valid session
[2025-12-03 15:50:57] [IP: ::1] [Session: 34aa1410c88eca66bf5fe68912fcf31b] [User ID: 3824544] SESSION CHECK - Valid session
[2025-12-03 15:50:57] [IP: ::1] [Session: 34aa1410c88eca66bf5fe68912fcf31b] [User ID: 3824544] SESSION CHECK - Valid session
[2025-12-03 15:50:59] [IP: ::1] [Session: 34aa1410c88eca66bf5fe68912fcf31b] [User ID: 3824544] SESSION CHECK - Valid session
[2025-12-03 15:50:59] [IP: ::1] [Session: 34aa1410c88eca66bf5fe68912fcf31b] [User ID: 3824544] SESSION CHECK - Valid session
[2025-12-03 15:51:05] [IP: ::1] [Session: 34aa1410c88eca66bf5fe68912fcf31b] [User ID: 3824544] SESSION CHECK - Valid session
[2025-12-03 15:51:05] [IP: ::1] [Session: 34aa1410c88eca66bf5fe68912fcf31b] [User ID: 3824544] SESSION CHECK - Valid session
[2025-12-03 15:56:05] [IP: ::1] [Session: 34aa1410c88eca66bf5fe68912fcf31b] [User ID: 3824544] SESSION CHECK - Valid session
[2025-12-03 16:01:06] [IP: ::1] [Session: 34aa1410c88eca66bf5fe68912fcf31b] [User ID: 3824544] SESSION CHECK - Valid session
[2025-12-03 16:07:10] [IP: ::1] [Session: 34aa1410c88eca66bf5fe68912fcf31b] [User ID: 3824544] SESSION CHECK - Valid session
[2025-12-03 16:07:12] [IP: ::1] [Session: 34aa1410c88eca66bf5fe68912fcf31b] [User ID: 3824544] SESSION CHECK - Valid session
[2025-12-03 16:07:12] [IP: ::1] [Session: 34aa1410c88eca66bf5fe68912fcf31b] [User ID: 3824544] SESSION CHECK - Valid session
[2025-12-03 16:11:33] [IP: ::1] [Session: 34aa1410c88eca66bf5fe68912fcf31b] [User ID: 3824544] SESSION CHECK - Valid session
[2025-12-03 16:11:33] [IP: ::1] [Session: 34aa1410c88eca66bf5fe68912fcf31b] [User ID: 3824544] SESSION CHECK - Valid session
[2025-12-03 16:11:37] [IP: ::1] [Session: 34aa1410c88eca66bf5fe68912fcf31b] [User ID: 3824544] SESSION CHECK - Valid session
[2025-12-03 16:11:37] [IP: ::1] [Session: 34aa1410c88eca66bf5fe68912fcf31b] [User ID: 3824544] SESSION CHECK - Valid session
[2025-12-03 16:13:51] [IP: ::1] [Session: 34aa1410c88eca66bf5fe68912fcf31b] [User ID: 3824544] SESSION CHECK - Valid session
[2025-12-03 16:13:51] [IP: ::1] [Session: 34aa1410c88eca66bf5fe68912fcf31b] [User ID: 3824544] SESSION CHECK - Valid session
[2025-12-03 16:13:54] [IP: ::1] [Session: 34aa1410c88eca66bf5fe68912fcf31b] [User ID: 3824544] SESSION CHECK - Valid session
[2025-12-03 16:13:54] [IP: ::1] [Session: 34aa1410c88eca66bf5fe68912fcf31b] [User ID: 3824544] SESSION CHECK - Valid session
[2025-12-03 16:18:54] [IP: ::1] [Session: 34aa1410c88eca66bf5fe68912fcf31b] [User ID: 3824544] SESSION CHECK - Valid session
[2025-12-03 16:19:20] [IP: ::1] [Session: 34aa1410c88eca66bf5fe68912fcf31b] [User ID: 3824544] SESSION CHECK - Valid session
[2025-12-03 16:19:20] [IP: ::1] [Session: 34aa1410c88eca66bf5fe68912fcf31b] [User ID: 3824544] SESSION CHECK - Valid session
[2025-12-03 16:19:59] [IP: ::1] [Session: 34aa1410c88eca66bf5fe68912fcf31b] [User ID: 3824544] SESSION CHECK - Valid session
[2025-12-03 16:19:59] [IP: ::1] [Session: 34aa1410c88eca66bf5fe68912fcf31b] [User ID: 3824544] SESSION CHECK - Valid session
[2025-12-03 16:21:36] [IP: ::1] [Session: 34aa1410c88eca66bf5fe68912fcf31b] [User ID: 3824544] SESSION CHECK - Valid session
[2025-12-03 16:21:36] [IP: ::1] [Session: 34aa1410c88eca66bf5fe68912fcf31b] [User ID: 3824544] SESSION CHECK - Valid session
[2025-12-03 16:26:36] [IP: ::1] [Session: 34aa1410c88eca66bf5fe68912fcf31b] [User ID: 3824544] SESSION CHECK - Valid session
[2025-12-03 16:27:38] [IP: ::1] [Session: 34aa1410c88eca66bf5fe68912fcf31b] [User ID: 3824544] SESSION CHECK - Valid session
[2025-12-03 16:27:38] [IP: ::1] [Session: 34aa1410c88eca66bf5fe68912fcf31b] [User ID: 3824544] SESSION CHECK - Valid session
[2025-12-03 16:32:33] [IP: ::1] [Session: 34aa1410c88eca66bf5fe68912fcf31b] [User ID: 3824544] SESSION CHECK - Valid session
[2025-12-03 16:32:33] [IP: ::1] [Session: 34aa1410c88eca66bf5fe68912fcf31b] [User ID: 3824544] SESSION CHECK - Valid session
[2025-12-03 16:33:05] [IP: ::1] [Session: 34aa1410c88eca66bf5fe68912fcf31b] [User ID: 3824544] SESSION CHECK - Valid session
[2025-12-03 16:33:05] [IP: ::1] [Session: 34aa1410c88eca66bf5fe68912fcf31b] [User ID: 3824544] SESSION CHECK - Valid session
[2025-12-03 16:33:08] [IP: ::1] [Session: 34aa1410c88eca66bf5fe68912fcf31b] [User ID: 3824544] SESSION CHECK - Valid session
[2025-12-03 16:33:08] [IP: ::1] [Session: 34aa1410c88eca66bf5fe68912fcf31b] [User ID: 3824544] SESSION CHECK - Valid session
[2025-12-03 16:33:12] [IP: ::1] [Session: 34aa1410c88eca66bf5fe68912fcf31b] [User ID: 3824544] SESSION CHECK - Valid session
[2025-12-03 16:33:12] [IP: ::1] [Session: 34aa1410c88eca66bf5fe68912fcf31b] [User ID: 3824544] SESSION CHECK - Valid session
[2025-12-03 16:33:16] [IP: ::1] [Session: 34aa1410c88eca66bf5fe68912fcf31b] [User ID: 3824544] SESSION CHECK - Valid session
[2025-12-03 16:33:16] [IP: ::1] [Session: 34aa1410c88eca66bf5fe68912fcf31b] [User ID: 3824544] SESSION CHECK - Valid session
[2025-12-03 16:33:49] [IP: ::1] [Session: 34aa1410c88eca66bf5fe68912fcf31b] [User ID: 3824544] SESSION CHECK - Valid session
[2025-12-03 16:33:49] [IP: ::1] [Session: 34aa1410c88eca66bf5fe68912fcf31b] [User ID: 3824544] SESSION CHECK - Valid session
[2025-12-03 16:34:00] [IP: ::1] [Session: 34aa1410c88eca66bf5fe68912fcf31b] [User ID: 3824544] SESSION CHECK - Valid session
[2025-12-03 16:34:00] [IP: ::1] [Session: 34aa1410c88eca66bf5fe68912fcf31b] [User ID: 3824544] SESSION CHECK - Valid session
[2025-12-03 16:34:02] [IP: ::1] [Session: 34aa1410c88eca66bf5fe68912fcf31b] [User ID: 3824544] SESSION CHECK - Valid session
[2025-12-03 16:34:02] [IP: ::1] [Session: 34aa1410c88eca66bf5fe68912fcf31b] [User ID: 3824544] SESSION CHECK - Valid session
[2025-12-03 16:34:06] [IP: ::1] [Session: 34aa1410c88eca66bf5fe68912fcf31b] [User ID: 3824544] SESSION CHECK - Valid session
[2025-12-03 16:34:06] [IP: ::1] [Session: 34aa1410c88eca66bf5fe68912fcf31b] [User ID: 3824544] SESSION CHECK - Valid session
[2025-12-03 16:34:10] [IP: ::1] [Session: 34aa1410c88eca66bf5fe68912fcf31b] [User ID: 3824544] SESSION CHECK - Valid session
[2025-12-03 16:34:10] [IP: ::1] [Session: 34aa1410c88eca66bf5fe68912fcf31b] [User ID: 3824544] SESSION CHECK - Valid session
[2025-12-03 16:34:26] [IP: ::1] [Session: 34aa1410c88eca66bf5fe68912fcf31b] [User ID: 3824544] SESSION CHECK - Valid session
[2025-12-03 16:34:26] [IP: ::1] [Session: 34aa1410c88eca66bf5fe68912fcf31b] [User ID: 3824544] SESSION CHECK - Valid session
[2025-12-03 16:35:03] [IP: ::1] [Session: 34aa1410c88eca66bf5fe68912fcf31b] [User ID: 3824544] SESSION CHECK - Valid session
[2025-12-03 16:35:03] [IP: ::1] [Session: 34aa1410c88eca66bf5fe68912fcf31b] [User ID: 3824544] SESSION CHECK - Valid session
[2025-12-03 16:36:20] [IP: ::1] [Session: 34aa1410c88eca66bf5fe68912fcf31b] [User ID: 3824544] SESSION CHECK - Valid session
[2025-12-03 16:36:20] [IP: ::1] [Session: 34aa1410c88eca66bf5fe68912fcf31b] [User ID: 3824544] SESSION CHECK - Valid session
[2025-12-03 16:37:23] [IP: ::1] [Session: 34aa1410c88eca66bf5fe68912fcf31b] [User ID: 3824544] SESSION CHECK - Valid session
[2025-12-03 16:37:23] [IP: ::1] [Session: 34aa1410c88eca66bf5fe68912fcf31b] [User ID: 3824544] SESSION CHECK - Valid session
[2025-12-03 16:37:42] [IP: ::1] [Session: 34aa1410c88eca66bf5fe68912fcf31b] [User ID: 3824544] SESSION CHECK - Valid session
[2025-12-03 16:37:42] [IP: ::1] [Session: 34aa1410c88eca66bf5fe68912fcf31b] [User ID: 3824544] SESSION CHECK - Valid session
[2025-12-03 16:42:43] [IP: ::1] [Session: 34aa1410c88eca66bf5fe68912fcf31b] [User ID: 3824544] SESSION CHECK - Valid session
[2025-12-03 16:44:03] [IP: ::1] [Session: 34aa1410c88eca66bf5fe68912fcf31b] [User ID: 3824544] SESSION CHECK - Valid session
[2025-12-03 16:44:03] [IP: ::1] [Session: 34aa1410c88eca66bf5fe68912fcf31b] [User ID: 3824544] SESSION CHECK - Valid session
[2025-12-03 16:44:06] [IP: ::1] [Session: 34aa1410c88eca66bf5fe68912fcf31b] [User ID: 3824544] SESSION CHECK - Valid session
[2025-12-03 16:44:06] [IP: ::1] [Session: 34aa1410c88eca66bf5fe68912fcf31b] [User ID: 3824544] SESSION CHECK - Valid session
[2025-12-03 16:44:12] [IP: ::1] [Session: 34aa1410c88eca66bf5fe68912fcf31b] [User ID: 3824544] SESSION CHECK - Valid session
[2025-12-03 16:44:12] [IP: ::1] [Session: 34aa1410c88eca66bf5fe68912fcf31b] [User ID: 3824544] SESSION CHECK - Valid session
[2025-12-03 16:44:27] [IP: ::1] [Session: 34aa1410c88eca66bf5fe68912fcf31b] [User ID: 3824544] SESSION CHECK - Valid session
[2025-12-03 16:44:27] [IP: ::1] [Session: 34aa1410c88eca66bf5fe68912fcf31b] [User ID: 3824544] SESSION CHECK - Valid session
[2025-12-03 16:44:30] [IP: ::1] [Session: 34aa1410c88eca66bf5fe68912fcf31b] [User ID: 3824544] SESSION CHECK - Valid session
[2025-12-03 16:44:30] [IP: ::1] [Session: 34aa1410c88eca66bf5fe68912fcf31b] [User ID: 3824544] SESSION CHECK - Valid session
[2025-12-03 16:44:43] [IP: ::1] [Session: 34aa1410c88eca66bf5fe68912fcf31b] [User ID: 3824544] SESSION CHECK - Valid session
[2025-12-03 16:44:43] [IP: ::1] [Session: 34aa1410c88eca66bf5fe68912fcf31b] [User ID: 3824544] SESSION CHECK - Valid session
[2025-12-03 16:44:47] [IP: ::1] [Session: 34aa1410c88eca66bf5fe68912fcf31b] [User ID: 3824544] SESSION CHECK - Valid session
[2025-12-03 16:44:47] [IP: ::1] [Session: 34aa1410c88eca66bf5fe68912fcf31b] [User ID: 3824544] SESSION CHECK - Valid session
[2025-12-03 16:44:50] [IP: ::1] [Session: 34aa1410c88eca66bf5fe68912fcf31b] [User ID: 3824544] SESSION CHECK - Valid session
[2025-12-03 16:44:51] [IP: ::1] [Session: 34aa1410c88eca66bf5fe68912fcf31b] [User ID: 3824544] SESSION CHECK - Valid session
[2025-12-03 16:44:54] [IP: ::1] [Session: 34aa1410c88eca66bf5fe68912fcf31b] [User ID: 3824544] SESSION CHECK - Valid session
[2025-12-03 16:44:54] [IP: ::1] [Session: 34aa1410c88eca66bf5fe68912fcf31b] [User ID: 3824544] SESSION CHECK - Valid session
[2025-12-03 16:44:57] [IP: ::1] [Session: 34aa1410c88eca66bf5fe68912fcf31b] [User ID: 3824544] SESSION CHECK - Valid session
[2025-12-03 16:44:57] [IP: ::1] [Session: 34aa1410c88eca66bf5fe68912fcf31b] [User ID: 3824544] SESSION CHECK - Valid session
[2025-12-03 16:45:00] [IP: ::1] [Session: 34aa1410c88eca66bf5fe68912fcf31b] [User ID: 3824544] SESSION CHECK - Valid session
[2025-12-03 16:45:00] [IP: ::1] [Session: 34aa1410c88eca66bf5fe68912fcf31b] [User ID: 3824544] SESSION CHECK - Valid session
[2025-12-03 16:45:03] [IP: ::1] [Session: 34aa1410c88eca66bf5fe68912fcf31b] [User ID: 3824544] SESSION CHECK - Valid session
[2025-12-03 16:45:03] [IP: ::1] [Session: 34aa1410c88eca66bf5fe68912fcf31b] [User ID: 3824544] SESSION CHECK - Valid session
[2025-12-03 16:45:06] [IP: ::1] [Session: 34aa1410c88eca66bf5fe68912fcf31b] [User ID: 3824544] SESSION CHECK - Valid session
[2025-12-03 16:45:06] [IP: ::1] [Session: 34aa1410c88eca66bf5fe68912fcf31b] [User ID: 3824544] SESSION CHECK - Valid session
[2025-12-03 16:45:10] [IP: ::1] [Session: 34aa1410c88eca66bf5fe68912fcf31b] [User ID: 3824544] SESSION CHECK - Valid session
[2025-12-03 16:45:10] [IP: ::1] [Session: 34aa1410c88eca66bf5fe68912fcf31b] [User ID: 3824544] SESSION CHECK - Valid session
[2025-12-03 16:45:18] [IP: ::1] [Session: 34aa1410c88eca66bf5fe68912fcf31b] [User ID: 3824544] SESSION CHECK - Valid session
[2025-12-03 16:45:18] [IP: ::1] [Session: 34aa1410c88eca66bf5fe68912fcf31b] [User ID: 3824544] SESSION CHECK - Valid session
[2025-12-03 16:45:26] [IP: ::1] [Session: 34aa1410c88eca66bf5fe68912fcf31b] [User ID: 3824544] SESSION CHECK - Valid session
[2025-12-03 16:45:26] [IP: ::1] [Session: 34aa1410c88eca66bf5fe68912fcf31b] [User ID: 3824544] SESSION CHECK - Valid session
[2025-12-03 16:45:29] [IP: ::1] [Session: 34aa1410c88eca66bf5fe68912fcf31b] [User ID: 3824544] SESSION CHECK - Valid session
[2025-12-03 16:45:29] [IP: ::1] [Session: 34aa1410c88eca66bf5fe68912fcf31b] [User ID: 3824544] SESSION CHECK - Valid session
[2025-12-03 16:45:45] [IP: ::1] [Session: 34aa1410c88eca66bf5fe68912fcf31b] [User ID: 3824544] SESSION CHECK - Valid session
[2025-12-03 16:45:45] [IP: ::1] [Session: 34aa1410c88eca66bf5fe68912fcf31b] [User ID: 3824544] SESSION CHECK - Valid session
[2025-12-03 16:45:50] [IP: ::1] [Session: 34aa1410c88eca66bf5fe68912fcf31b] [User ID: 3824544] SESSION CHECK - Valid session
[2025-12-03 16:45:50] [IP: ::1] [Session: 34aa1410c88eca66bf5fe68912fcf31b] [User ID: 3824544] SESSION CHECK - Valid session
[2025-12-03 16:46:08] [IP: ::1] [Session: 34aa1410c88eca66bf5fe68912fcf31b] [User ID: 3824544] SESSION CHECK - Valid session
[2025-12-03 16:46:08] [IP: ::1] [Session: 34aa1410c88eca66bf5fe68912fcf31b] [User ID: 3824544] SESSION CHECK - Valid session
[2025-12-03 16:46:38] [IP: ::1] [Session: 34aa1410c88eca66bf5fe68912fcf31b] [User ID: 3824544] SESSION CHECK - Valid session
[2025-12-03 16:46:38] [IP: ::1] [Session: 34aa1410c88eca66bf5fe68912fcf31b] [User ID: 3824544] SESSION CHECK - Valid session
[2025-12-03 16:46:41] [IP: ::1] [Session: 34aa1410c88eca66bf5fe68912fcf31b] [User ID: 3824544] SESSION CHECK - Valid session
[2025-12-03 16:46:41] [IP: ::1] [Session: 34aa1410c88eca66bf5fe68912fcf31b] [User ID: 3824544] SESSION CHECK - Valid session
[2025-12-03 16:46:45] [IP: ::1] [Session: 34aa1410c88eca66bf5fe68912fcf31b] [User ID: 3824544] SESSION CHECK - Valid session
[2025-12-03 16:46:45] [IP: ::1] [Session: 34aa1410c88eca66bf5fe68912fcf31b] [User ID: 3824544] SESSION CHECK - Valid session
[2025-12-03 16:46:50] [IP: ::1] [Session: 34aa1410c88eca66bf5fe68912fcf31b] [User ID: 3824544] SESSION CHECK - Valid session
[2025-12-03 16:46:50] [IP: ::1] [Session: 34aa1410c88eca66bf5fe68912fcf31b] [User ID: 3824544] SESSION CHECK - Valid session
[2025-12-03 16:46:57] [IP: ::1] [Session: 34aa1410c88eca66bf5fe68912fcf31b] [User ID: 3824544] SESSION CHECK - Valid session
[2025-12-03 16:46:57] [IP: ::1] [Session: 34aa1410c88eca66bf5fe68912fcf31b] [User ID: 3824544] SESSION CHECK - Valid session
[2025-12-03 16:47:21] [IP: ::1] [Session: 34aa1410c88eca66bf5fe68912fcf31b] [User ID: 3824544] SESSION CHECK - Valid session
[2025-12-03 16:47:21] [IP: ::1] [Session: 34aa1410c88eca66bf5fe68912fcf31b] [User ID: 3824544] SESSION CHECK - Valid session
[2025-12-03 16:47:24] [IP: ::1] [Session: 34aa1410c88eca66bf5fe68912fcf31b] [User ID: 3824544] SESSION CHECK - Valid session
[2025-12-03 16:47:24] [IP: ::1] [Session: 34aa1410c88eca66bf5fe68912fcf31b] [User ID: 3824544] SESSION CHECK - Valid session
[2025-12-03 16:47:28] [IP: ::1] [Session: 34aa1410c88eca66bf5fe68912fcf31b] [User ID: 3824544] SESSION CHECK - Valid session
[2025-12-03 16:47:28] [IP: ::1] [Session: 34aa1410c88eca66bf5fe68912fcf31b] [User ID: 3824544] SESSION CHECK - Valid session
[2025-12-03 16:47:36] [IP: ::1] [Session: 34aa1410c88eca66bf5fe68912fcf31b] [User ID: 3824544] SESSION CHECK - Valid session
[2025-12-03 16:47:36] [IP: ::1] [Session: 34aa1410c88eca66bf5fe68912fcf31b] [User ID: 3824544] SESSION CHECK - Valid session
[2025-12-03 16:47:56] [IP: ::1] [Session: 34aa1410c88eca66bf5fe68912fcf31b] [User ID: 3824544] SESSION CHECK - Valid session
[2025-12-03 16:47:56] [IP: ::1] [Session: 34aa1410c88eca66bf5fe68912fcf31b] [User ID: 3824544] SESSION CHECK - Valid session
[2025-12-03 16:48:04] [IP: ::1] [Session: 34aa1410c88eca66bf5fe68912fcf31b] [User ID: 3824544] SESSION CHECK - Valid session
[2025-12-03 16:48:04] [IP: ::1] [Session: 34aa1410c88eca66bf5fe68912fcf31b] [User ID: 3824544] SESSION CHECK - Valid session
[2025-12-03 16:48:20] [IP: ::1] [Session: 34aa1410c88eca66bf5fe68912fcf31b] [User ID: 3824544] SESSION CHECK - Valid session
[2025-12-03 16:48:20] [IP: ::1] [Session: 34aa1410c88eca66bf5fe68912fcf31b] [User ID: 3824544] SESSION CHECK - Valid session
[2025-12-03 16:48:23] [IP: ::1] [Session: 34aa1410c88eca66bf5fe68912fcf31b] [User ID: 3824544] SESSION CHECK - Valid session
[2025-12-03 16:48:23] [IP: ::1] [Session: 34aa1410c88eca66bf5fe68912fcf31b] [User ID: 3824544] SESSION CHECK - Valid session
[2025-12-03 16:48:50] [IP: ::1] [Session: 34aa1410c88eca66bf5fe68912fcf31b] [User ID: 3824544] SESSION CHECK - Valid session
[2025-12-03 16:48:50] [IP: ::1] [Session: 34aa1410c88eca66bf5fe68912fcf31b] [User ID: 3824544] SESSION CHECK - Valid session
[2025-12-03 16:49:16] [IP: ::1] [Session: 34aa1410c88eca66bf5fe68912fcf31b] [User ID: 3824544] SESSION CHECK - Valid session
[2025-12-03 16:49:16] [IP: ::1] [Session: 34aa1410c88eca66bf5fe68912fcf31b] [User ID: 3824544] SESSION CHECK - Valid session
[2025-12-03 16:49:37] [IP: ::1] [Session: 34aa1410c88eca66bf5fe68912fcf31b] [User ID: 3824544] SESSION CHECK - Valid session
[2025-12-03 16:49:37] [IP: ::1] [Session: 34aa1410c88eca66bf5fe68912fcf31b] [User ID: 3824544] SESSION CHECK - Valid session
[2025-12-03 16:49:51] [IP: ::1] [Session: 34aa1410c88eca66bf5fe68912fcf31b] [User ID: 3824544] SESSION CHECK - Valid session
[2025-12-03 16:49:51] [IP: ::1] [Session: 34aa1410c88eca66bf5fe68912fcf31b] [User ID: 3824544] SESSION CHECK - Valid session
[2025-12-03 16:50:06] [IP: ::1] [Session: 34aa1410c88eca66bf5fe68912fcf31b] [User ID: 3824544] SESSION CHECK - Valid session
[2025-12-03 16:50:06] [IP: ::1] [Session: 34aa1410c88eca66bf5fe68912fcf31b] [User ID: 3824544] SESSION CHECK - Valid session
[2025-12-03 16:51:22] [IP: ::1] [Session: 34aa1410c88eca66bf5fe68912fcf31b] [User ID: 3824544] SESSION CHECK - Valid session
[2025-12-03 16:51:22] [IP: ::1] [Session: 34aa1410c88eca66bf5fe68912fcf31b] [User ID: 3824544] SESSION CHECK - Valid session
[2025-12-03 16:51:24] [IP: ::1] [Session: 34aa1410c88eca66bf5fe68912fcf31b] [User ID: 3824544] SESSION CHECK - Valid session
[2025-12-03 16:51:24] [IP: ::1] [Session: 34aa1410c88eca66bf5fe68912fcf31b] [User ID: 3824544] SESSION CHECK - Valid session
[2025-12-03 16:51:29] [IP: ::1] [Session: 34aa1410c88eca66bf5fe68912fcf31b] [User ID: 3824544] SESSION CHECK - Valid session
[2025-12-03 16:51:29] [IP: ::1] [Session: 34aa1410c88eca66bf5fe68912fcf31b] [User ID: 3824544] SESSION CHECK - Valid session
[2025-12-03 16:52:37] [IP: ::1] [Session: 34aa1410c88eca66bf5fe68912fcf31b] [User ID: 3824544] SESSION CHECK - Valid session
[2025-12-03 16:52:37] [IP: ::1] [Session: 34aa1410c88eca66bf5fe68912fcf31b] [User ID: 3824544] SESSION CHECK - Valid session
[2025-12-03 16:52:54] [IP: ::1] [Session: 34aa1410c88eca66bf5fe68912fcf31b] [User ID: 3824544] SESSION CHECK - Valid session
[2025-12-03 16:52:54] [IP: ::1] [Session: 34aa1410c88eca66bf5fe68912fcf31b] [User ID: 3824544] SESSION CHECK - Valid session
[2025-12-03 16:55:16] [IP: ::1] [Session: 34aa1410c88eca66bf5fe68912fcf31b] [User ID: 3824544] SESSION CHECK - Valid session
[2025-12-03 16:55:16] [IP: ::1] [Session: 34aa1410c88eca66bf5fe68912fcf31b] [User ID: 3824544] SESSION CHECK - Valid session
[2025-12-03 16:55:35] [IP: ::1] [Session: 34aa1410c88eca66bf5fe68912fcf31b] [User ID: 3824544] SESSION CHECK - Valid session
[2025-12-03 16:55:35] [IP: ::1] [Session: 34aa1410c88eca66bf5fe68912fcf31b] [User ID: 3824544] SESSION CHECK - Valid session
[2025-12-03 16:56:52] [IP: ::1] [Session: 34aa1410c88eca66bf5fe68912fcf31b] [User ID: 3824544] SESSION CHECK - Valid session
[2025-12-03 16:56:52] [IP: ::1] [Session: 34aa1410c88eca66bf5fe68912fcf31b] [User ID: 3824544] SESSION CHECK - Valid session
[2025-12-03 16:57:01] [IP: ::1] [Session: 34aa1410c88eca66bf5fe68912fcf31b] [User ID: 3824544] SESSION CHECK - Valid session
[2025-12-03 16:57:01] [IP: ::1] [Session: 34aa1410c88eca66bf5fe68912fcf31b] [User ID: 3824544] SESSION CHECK - Valid session
[2025-12-03 16:57:03] [IP: ::1] [Session: 34aa1410c88eca66bf5fe68912fcf31b] [User ID: 3824544] SESSION CHECK - Valid session
[2025-12-03 16:57:03] [IP: ::1] [Session: 34aa1410c88eca66bf5fe68912fcf31b] [User ID: 3824544] SESSION CHECK - Valid session
[2025-12-03 16:57:08] [IP: ::1] [Session: 34aa1410c88eca66bf5fe68912fcf31b] [User ID: 3824544] SESSION CHECK - Valid session
[2025-12-03 16:57:08] [IP: ::1] [Session: 34aa1410c88eca66bf5fe68912fcf31b] [User ID: 3824544] SESSION CHECK - Valid session
[2025-12-03 16:57:15] [IP: ::1] [Session: 34aa1410c88eca66bf5fe68912fcf31b] [User ID: 3824544] SESSION CHECK - Valid session
[2025-12-03 16:57:15] [IP: ::1] [Session: 34aa1410c88eca66bf5fe68912fcf31b] [User ID: 3824544] SESSION CHECK - Valid session
[2025-12-03 16:57:18] [IP: ::1] [Session: 34aa1410c88eca66bf5fe68912fcf31b] [User ID: 3824544] SESSION CHECK - Valid session
[2025-12-03 16:57:18] [IP: ::1] [Session: 34aa1410c88eca66bf5fe68912fcf31b] [User ID: 3824544] SESSION CHECK - Valid session
[2025-12-03 16:57:47] [IP: ::1] [Session: 34aa1410c88eca66bf5fe68912fcf31b] [User ID: 3824544] SESSION CHECK - Valid session
[2025-12-03 16:57:48] [IP: ::1] [Session: 34aa1410c88eca66bf5fe68912fcf31b] [User ID: 3824544] SESSION CHECK - Valid session
[2025-12-03 16:58:12] [IP: ::1] [Session: 34aa1410c88eca66bf5fe68912fcf31b] [User ID: 3824544] SESSION CHECK - Valid session
[2025-12-03 16:58:12] [IP: ::1] [Session: 34aa1410c88eca66bf5fe68912fcf31b] [User ID: 3824544] SESSION CHECK - Valid session
[2025-12-03 17:00:48] [IP: ::1] [Session: 34aa1410c88eca66bf5fe68912fcf31b] [User ID: 3824544] SESSION CHECK - Valid session
[2025-12-03 17:00:48] [IP: ::1] [Session: 34aa1410c88eca66bf5fe68912fcf31b] [User ID: 3824544] SESSION CHECK - Valid session
[2025-12-03 17:00:50] [IP: ::1] [Session: 34aa1410c88eca66bf5fe68912fcf31b] [User ID: 3824544] SESSION CHECK - Valid session
[2025-12-03 17:00:50] [IP: ::1] [Session: 34aa1410c88eca66bf5fe68912fcf31b] [User ID: 3824544] SESSION CHECK - Valid session
[2025-12-03 17:01:13] [IP: ::1] [Session: 34aa1410c88eca66bf5fe68912fcf31b] [User ID: 3824544] SESSION CHECK - Valid session
[2025-12-03 17:01:13] [IP: ::1] [Session: 34aa1410c88eca66bf5fe68912fcf31b] [User ID: 3824544] SESSION CHECK - Valid session
[2025-12-03 17:06:13] [IP: ::1] [Session: 34aa1410c88eca66bf5fe68912fcf31b] [User ID: 3824544] SESSION CHECK - Valid session
[2025-12-03 17:09:42] [IP: ::1] [Session: 34aa1410c88eca66bf5fe68912fcf31b] [User ID: 3824544] SESSION CHECK - Valid session
[2025-12-03 17:09:42] [IP: ::1] [Session: 34aa1410c88eca66bf5fe68912fcf31b] [User ID: 3824544] SESSION CHECK - Valid session
[2025-12-03 17:09:53] [IP: ::1] [Session: 34aa1410c88eca66bf5fe68912fcf31b] [User ID: 3824544] SESSION CHECK - Valid session
[2025-12-03 17:09:53] [IP: ::1] [Session: 34aa1410c88eca66bf5fe68912fcf31b] [User ID: 3824544] SESSION CHECK - Valid session
[2025-12-03 17:12:49] [IP: ::1] [Session: 34aa1410c88eca66bf5fe68912fcf31b] [User ID: 3824544] SESSION CHECK - Valid session
[2025-12-03 17:12:49] [IP: ::1] [Session: 34aa1410c88eca66bf5fe68912fcf31b] [User ID: 3824544] SESSION CHECK - Valid session
[2025-12-03 17:12:51] [IP: ::1] [Session: 34aa1410c88eca66bf5fe68912fcf31b] [User ID: 3824544] SESSION CHECK - Valid session
[2025-12-03 17:12:51] [IP: ::1] [Session: 34aa1410c88eca66bf5fe68912fcf31b] [User ID: 3824544] SESSION CHECK - Valid session
[2025-12-04 01:13:23] [IP: ::1] [Session: 6bd902f0ce8b7480fe6898b86112c5cc] SESSION CHECK - No active session
[2025-12-04 01:13:23] [IP: ::1] [Session: f27d228f4f219149f7c1454e4aab1fd6] SESSION CHECK - No active session
[2025-12-04 01:13:23] [IP: ::1] [Session: ecb3633fbb8ce24d2a6761f46033ce5d] SESSION CHECK - No active session
[2025-12-04 01:13:25] [IP: ::1] [Session: ecb3633fbb8ce24d2a6761f46033ce5d] SESSION CHECK - No active session
[2025-12-04 01:13:25] [IP: ::1] [Session: ecb3633fbb8ce24d2a6761f46033ce5d] SESSION CHECK - No active session
[2025-12-04 01:14:24] [IP: ::1] [Session: 6e5c4770a2e13ec114367501023f00ae] [User ID: 3824544] SESSION CHECK - Valid session
[2025-12-04 01:18:25] [IP: ::1] [Session: 6e5c4770a2e13ec114367501023f00ae] [User ID: 3824544] SESSION CHECK - Valid session
[2025-12-04 01:18:42] [IP: ::1] [Session: 6e5c4770a2e13ec114367501023f00ae] [User ID: 3824544] SESSION CHECK - Valid session
[2025-12-04 01:18:42] [IP: ::1] [Session: 6e5c4770a2e13ec114367501023f00ae] [User ID: 3824544] SESSION CHECK - Valid session
[2025-12-04 01:18:44] [IP: ::1] [Session: 6e5c4770a2e13ec114367501023f00ae] [User ID: 3824544] SESSION CHECK - Valid session
[2025-12-04 01:18:44] [IP: ::1] [Session: 6e5c4770a2e13ec114367501023f00ae] [User ID: 3824544] SESSION CHECK - Valid session
[2025-12-04 01:19:02] [IP: ::1] [Session: 6e5c4770a2e13ec114367501023f00ae] [User ID: 3824544] SESSION CHECK - Valid session
[2025-12-04 01:19:02] [IP: ::1] [Session: 6e5c4770a2e13ec114367501023f00ae] [User ID: 3824544] SESSION CHECK - Valid session
[2025-12-04 01:24:06] [IP: ::1] [Session: 6e5c4770a2e13ec114367501023f00ae] [User ID: 3824544] SESSION CHECK - Valid session
[2025-12-04 01:24:06] [IP: ::1] [Session: 6e5c4770a2e13ec114367501023f00ae] [User ID: 3824544] SESSION CHECK - Valid session
[2025-12-04 01:24:18] [IP: ::1] [Session: 6e5c4770a2e13ec114367501023f00ae] [User ID: 3824544] SESSION CHECK - Valid session
[2025-12-04 01:24:18] [IP: ::1] [Session: 6e5c4770a2e13ec114367501023f00ae] [User ID: 3824544] SESSION CHECK - Valid session
[2025-12-04 01:24:23] [IP: ::1] [Session: 6e5c4770a2e13ec114367501023f00ae] [User ID: 3824544] SESSION CHECK - Valid session
[2025-12-04 01:24:23] [IP: ::1] [Session: 6e5c4770a2e13ec114367501023f00ae] [User ID: 3824544] SESSION CHECK - Valid session
[2025-12-04 01:24:57] [IP: ::1] [Session: 6e5c4770a2e13ec114367501023f00ae] [User ID: 3824544] SESSION CHECK - Valid session
[2025-12-04 01:24:57] [IP: ::1] [Session: 6e5c4770a2e13ec114367501023f00ae] [User ID: 3824544] SESSION CHECK - Valid session
[2025-12-04 01:25:40] [IP: ::1] [Session: 6e5c4770a2e13ec114367501023f00ae] [User ID: 3824544] SESSION CHECK - Valid session
[2025-12-04 01:25:40] [IP: ::1] [Session: 6e5c4770a2e13ec114367501023f00ae] [User ID: 3824544] SESSION CHECK - Valid session
[2025-12-04 01:25:55] [IP: ::1] [Session: 6e5c4770a2e13ec114367501023f00ae] [User ID: 3824544] SESSION CHECK - Valid session
[2025-12-04 01:25:55] [IP: ::1] [Session: 6e5c4770a2e13ec114367501023f00ae] [User ID: 3824544] SESSION CHECK - Valid session
[2025-12-04 01:26:21] [IP: ::1] [Session: 6e5c4770a2e13ec114367501023f00ae] [User ID: 3824544] SESSION CHECK - Valid session
[2025-12-04 01:26:24] [IP: ::1] [Session: 6e5c4770a2e13ec114367501023f00ae] [User ID: 3824544] SESSION CHECK - Valid session
[2025-12-04 01:26:24] [IP: ::1] [Session: 6e5c4770a2e13ec114367501023f00ae] [User ID: 3824544] SESSION CHECK - Valid session
[2025-12-04 01:26:30] [IP: ::1] [Session: 6e5c4770a2e13ec114367501023f00ae] [User ID: 3824544] SESSION CHECK - Valid session
[2025-12-04 01:26:30] [IP: ::1] [Session: 6e5c4770a2e13ec114367501023f00ae] [User ID: 3824544] SESSION CHECK - Valid session
[2025-12-04 01:26:39] [IP: ::1] [Session: 6e5c4770a2e13ec114367501023f00ae] [User ID: 3824544] SESSION CHECK - Valid session
[2025-12-04 01:26:39] [IP: ::1] [Session: 6e5c4770a2e13ec114367501023f00ae] [User ID: 3824544] SESSION CHECK - Valid session
[2025-12-04 01:26:51] [IP: ::1] [Session: 6e5c4770a2e13ec114367501023f00ae] [User ID: 3824544] SESSION CHECK - Valid session
[2025-12-04 01:26:51] [IP: ::1] [Session: 6e5c4770a2e13ec114367501023f00ae] [User ID: 3824544] SESSION CHECK - Valid session
[2025-12-04 01:28:38] [IP: ::1] [Session: 6e5c4770a2e13ec114367501023f00ae] [User ID: 3824544] SESSION CHECK - Valid session
[2025-12-04 01:28:38] [IP: ::1] [Session: 6e5c4770a2e13ec114367501023f00ae] [User ID: 3824544] SESSION CHECK - Valid session
[2025-12-04 01:28:58] [IP: ::1] [Session: 6e5c4770a2e13ec114367501023f00ae] [User ID: 3824544] SESSION CHECK - Valid session
[2025-12-04 01:28:58] [IP: ::1] [Session: 6e5c4770a2e13ec114367501023f00ae] [User ID: 3824544] SESSION CHECK - Valid session
[2025-12-04 01:29:04] [IP: ::1] [Session: 6e5c4770a2e13ec114367501023f00ae] [User ID: 3824544] SESSION CHECK - Valid session
[2025-12-04 01:29:04] [IP: ::1] [Session: 6e5c4770a2e13ec114367501023f00ae] [User ID: 3824544] SESSION CHECK - Valid session
[2025-12-04 01:29:14] [IP: ::1] [Session: 6e5c4770a2e13ec114367501023f00ae] [User ID: 3824544] SESSION CHECK - Valid session
[2025-12-04 01:29:14] [IP: ::1] [Session: 6e5c4770a2e13ec114367501023f00ae] [User ID: 3824544] SESSION CHECK - Valid session
[2025-12-04 01:30:51] [IP: ::1] [Session: 6e5c4770a2e13ec114367501023f00ae] [User ID: 3824544] SESSION CHECK - Valid session
[2025-12-04 01:30:51] [IP: ::1] [Session: 6e5c4770a2e13ec114367501023f00ae] [User ID: 3824544] SESSION CHECK - Valid session
[2025-12-04 01:30:54] [IP: ::1] [Session: 6e5c4770a2e13ec114367501023f00ae] [User ID: 3824544] SESSION CHECK - Valid session
[2025-12-04 01:30:55] [IP: ::1] [Session: 6e5c4770a2e13ec114367501023f00ae] [User ID: 3824544] SESSION CHECK - Valid session
[2025-12-04 01:30:58] [IP: ::1] [Session: 6e5c4770a2e13ec114367501023f00ae] [User ID: 3824544] SESSION CHECK - Valid session
[2025-12-04 01:30:58] [IP: ::1] [Session: 6e5c4770a2e13ec114367501023f00ae] [User ID: 3824544] SESSION CHECK - Valid session
[2025-12-04 01:31:04] [IP: ::1] [Session: 6e5c4770a2e13ec114367501023f00ae] [User ID: 3824544] SESSION CHECK - Valid session
[2025-12-04 01:31:04] [IP: ::1] [Session: 6e5c4770a2e13ec114367501023f00ae] [User ID: 3824544] SESSION CHECK - Valid session
[2025-12-04 01:35:57] [IP: ::1] [Session: 6e5c4770a2e13ec114367501023f00ae] [User ID: 3824544] SESSION CHECK - Valid session
[2025-12-04 01:35:57] [IP: ::1] [Session: 6e5c4770a2e13ec114367501023f00ae] [User ID: 3824544] SESSION CHECK - Valid session
[2025-12-04 01:37:27] [IP: ::1] [Session: 6e5c4770a2e13ec114367501023f00ae] [User ID: 3824544] SESSION CHECK - Valid session
[2025-12-04 01:37:27] [IP: ::1] [Session: 6e5c4770a2e13ec114367501023f00ae] [User ID: 3824544] SESSION CHECK - Valid session
[2025-12-04 01:38:21] [IP: ::1] [Session: 6e5c4770a2e13ec114367501023f00ae] [User ID: 3824544] SESSION CHECK - Valid session
[2025-12-04 01:38:21] [IP: ::1] [Session: 6e5c4770a2e13ec114367501023f00ae] [User ID: 3824544] SESSION CHECK - Valid session
[2025-12-04 01:39:42] [IP: ::1] [Session: 6e5c4770a2e13ec114367501023f00ae] [User ID: 3824544] SESSION CHECK - Valid session
[2025-12-04 01:39:42] [IP: ::1] [Session: 6e5c4770a2e13ec114367501023f00ae] [User ID: 3824544] SESSION CHECK - Valid session
[2025-12-04 01:44:42] [IP: ::1] [Session: 6e5c4770a2e13ec114367501023f00ae] [User ID: 3824544] SESSION CHECK - Valid session
[2025-12-04 01:49:42] [IP: ::1] [Session: 6e5c4770a2e13ec114367501023f00ae] [User ID: 3824544] SESSION CHECK - Valid session
[2025-12-04 01:50:30] [IP: ::1] [Session: 6e5c4770a2e13ec114367501023f00ae] [User ID: 3824544] SESSION CHECK - Valid session
[2025-12-04 01:50:30] [IP: ::1] [Session: 6e5c4770a2e13ec114367501023f00ae] [User ID: 3824544] SESSION CHECK - Valid session
[2025-12-04 01:55:31] [IP: ::1] [Session: 6e5c4770a2e13ec114367501023f00ae] [User ID: 3824544] SESSION CHECK - Valid session
[2025-12-04 02:00:30] [IP: ::1] [Session: 6e5c4770a2e13ec114367501023f00ae] [User ID: 3824544] SESSION CHECK - Valid session
[2025-12-04 02:05:31] [IP: ::1] [Session: 6e5c4770a2e13ec114367501023f00ae] [User ID: 3824544] SESSION CHECK - Valid session
[2025-12-04 02:17:43] [IP: ::1] [Session: 6e5c4770a2e13ec114367501023f00ae] [User ID: 3824544] SESSION CHECK - Valid session
[2025-12-04 02:17:45] [IP: ::1] [Session: 6e5c4770a2e13ec114367501023f00ae] [User ID: 3824544] SESSION CHECK - Valid session
[2025-12-04 02:17:45] [IP: ::1] [Session: 6e5c4770a2e13ec114367501023f00ae] [User ID: 3824544] SESSION CHECK - Valid session
[2025-12-04 02:22:45] [IP: ::1] [Session: 6e5c4770a2e13ec114367501023f00ae] [User ID: 3824544] SESSION CHECK - Valid session
[2025-12-04 02:24:40] [IP: ::1] [Session: 977ecab89529c5b6bb3b51888b29781a] [User ID: 8225004] SESSION CHECK - Valid session
[2025-12-04 02:27:46] [IP: ::1] [Session: 54502520d18f7797b25243e162a50979] SESSION CHECK - No active session
[2025-12-04 02:29:25] [IP: ::1] [Session: a698f473bd752afb8b1ee56e9f5afc0b] [User ID: 1234567] SESSION CHECK - Valid session
[2025-12-04 02:30:32] [IP: ::1] [Session: 3ad374460925dbd84f4dceabe7545515] [User ID: 3824544] SESSION CHECK - Valid session
[2025-12-04 02:32:46] [IP: ::1] [Session: 3ad374460925dbd84f4dceabe7545515] [User ID: 3824544] SESSION CHECK - Valid session
[2025-12-04 02:59:33] [IP: ::1] [Session: 3ad374460925dbd84f4dceabe7545515] [User ID: 3824544] SESSION CHECK - Valid session
[2025-12-04 02:59:35] [IP: ::1] [Session: 3ad374460925dbd84f4dceabe7545515] [User ID: 3824544] SESSION CHECK - Valid session
[2025-12-04 02:59:36] [IP: ::1] [Session: 3ad374460925dbd84f4dceabe7545515] [User ID: 3824544] SESSION CHECK - Valid session
[2025-12-04 03:04:36] [IP: ::1] [Session: 3ad374460925dbd84f4dceabe7545515] [User ID: 3824544] SESSION CHECK - Valid session
[2025-12-07 12:19:06] [IP: ::1] [Session: e3c19a55c50356c66d4fb73073571a59] SESSION CHECK - No active session
[2025-12-07 12:19:07] [IP: ::1] [Session: b33ad02ae314777fd6a5332e209bc3ec] SESSION CHECK - No active session
[2025-12-07 12:20:11] [IP: ::1] [Session: 6be43e94427fdc441fcd0d405dd7ccf9] [User ID: 8225004] SESSION CHECK - Valid session
[2025-12-07 12:24:02] [IP: ::1] [Session: 6be43e94427fdc441fcd0d405dd7ccf9] [User ID: 8225004] SESSION CHECK - Valid session
[2025-12-07 12:29:02] [IP: ::1] [Session: 6be43e94427fdc441fcd0d405dd7ccf9] [User ID: 8225004] SESSION CHECK - Valid session
[2025-12-07 12:34:02] [IP: ::1] [Session: 6be43e94427fdc441fcd0d405dd7ccf9] [User ID: 8225004] SESSION CHECK - Valid session
[2025-12-07 12:39:02] [IP: ::1] [Session: 6be43e94427fdc441fcd0d405dd7ccf9] [User ID: 8225004] SESSION CHECK - Valid session
[2025-12-07 12:44:02] [IP: ::1] [Session: 6be43e94427fdc441fcd0d405dd7ccf9] [User ID: 8225004] SESSION CHECK - Valid session
[2025-12-07 12:49:02] [IP: ::1] [Session: 6be43e94427fdc441fcd0d405dd7ccf9] [User ID: 8225004] SESSION CHECK - Valid session
[2025-12-07 12:54:42] [IP: ::1] [Session: 6be43e94427fdc441fcd0d405dd7ccf9] [User ID: 8225004] SESSION CHECK - Valid session
[2025-12-07 13:22:30] [IP: ::1] [Session: 6be43e94427fdc441fcd0d405dd7ccf9] [User ID: 8225004] SESSION CHECK - Valid session
[2025-12-07 13:22:34] [IP: ::1] [Session: 6be43e94427fdc441fcd0d405dd7ccf9] [User ID: 8225004] SESSION CHECK - Valid session
[2025-12-07 13:22:35] [IP: ::1] [Session: 6be43e94427fdc441fcd0d405dd7ccf9] [User ID: 8225004] SESSION CHECK - Valid session
[2025-12-07 13:24:21] [IP: ::1] [Session: 6be43e94427fdc441fcd0d405dd7ccf9] [User ID: 8225004] SESSION CHECK - Valid session
[2025-12-07 13:24:22] [IP: ::1] [Session: 6be43e94427fdc441fcd0d405dd7ccf9] [User ID: 8225004] SESSION CHECK - Valid session
[2025-12-07 13:27:41] [IP: ::1] [Session: 6be43e94427fdc441fcd0d405dd7ccf9] [User ID: 8225004] SESSION CHECK - Valid session
[2025-12-07 13:27:41] [IP: ::1] [Session: 6be43e94427fdc441fcd0d405dd7ccf9] [User ID: 8225004] SESSION CHECK - Valid session
[2025-12-07 13:31:08] [IP: ::1] [Session: 6be43e94427fdc441fcd0d405dd7ccf9] [User ID: 8225004] SESSION CHECK - Valid session
[2025-12-07 13:31:08] [IP: ::1] [Session: 6be43e94427fdc441fcd0d405dd7ccf9] [User ID: 8225004] SESSION CHECK - Valid session
[2025-12-07 13:31:15] [IP: ::1] [Session: 6be43e94427fdc441fcd0d405dd7ccf9] [User ID: 8225004] SESSION CHECK - Valid session
[2025-12-07 13:31:15] [IP: ::1] [Session: 6be43e94427fdc441fcd0d405dd7ccf9] [User ID: 8225004] SESSION CHECK - Valid session
[2025-12-07 13:36:15] [IP: ::1] [Session: 6be43e94427fdc441fcd0d405dd7ccf9] [User ID: 8225004] SESSION CHECK - Valid session
[2025-12-07 13:41:15] [IP: ::1] [Session: 6be43e94427fdc441fcd0d405dd7ccf9] [User ID: 8225004] SESSION CHECK - Valid session
[2025-12-07 13:46:15] [IP: ::1] [Session: 6be43e94427fdc441fcd0d405dd7ccf9] [User ID: 8225004] SESSION CHECK - Valid session
[2025-12-07 13:51:15] [IP: ::1] [Session: 6be43e94427fdc441fcd0d405dd7ccf9] [User ID: 8225004] SESSION CHECK - Valid session
[2025-12-07 13:56:15] [IP: ::1] [Session: 6be43e94427fdc441fcd0d405dd7ccf9] [User ID: 8225004] SESSION CHECK - Valid session
[2025-12-07 14:01:15] [IP: ::1] [Session: 6be43e94427fdc441fcd0d405dd7ccf9] [User ID: 8225004] SESSION CHECK - Valid session
[2025-12-07 14:08:01] [IP: ::1] [Session: 6be43e94427fdc441fcd0d405dd7ccf9] [User ID: 8225004] SESSION CHECK - Valid session
[2025-12-07 14:08:03] [IP: ::1] [Session: 6be43e94427fdc441fcd0d405dd7ccf9] [User ID: 8225004] SESSION CHECK - Valid session
[2025-12-07 14:08:03] [IP: ::1] [Session: 6be43e94427fdc441fcd0d405dd7ccf9] [User ID: 8225004] SESSION CHECK - Valid session
[2025-12-07 14:08:21] [IP: ::1] [Session: ab072cf7128fda4e676a87369b54e792] [User ID: 3824544] SESSION CHECK - Valid session
[2025-12-07 14:10:16] [IP: ::1] [Session: ab072cf7128fda4e676a87369b54e792] [User ID: 3824544] SESSION CHECK - Valid session
[2025-12-07 14:10:16] [IP: ::1] [Session: ab072cf7128fda4e676a87369b54e792] [User ID: 3824544] SESSION CHECK - Valid session
[2025-12-07 14:15:17] [IP: ::1] [Session: ab072cf7128fda4e676a87369b54e792] [User ID: 3824544] SESSION CHECK - Valid session
[2025-12-07 14:15:22] [IP: ::1] [Session: ab072cf7128fda4e676a87369b54e792] [User ID: 3824544] SESSION CHECK - Valid session
[2025-12-07 14:15:22] [IP: ::1] [Session: ab072cf7128fda4e676a87369b54e792] [User ID: 3824544] SESSION CHECK - Valid session
[2025-12-07 14:15:39] [IP: ::1] [Session: 6a41232fe705e8760f34226ad029c236] [User ID: 8225004] SESSION CHECK - Valid session
[2025-12-07 14:20:22] [IP: ::1] [Session: 6a41232fe705e8760f34226ad029c236] [User ID: 8225004] SESSION CHECK - Valid session
[2025-12-07 14:25:22] [IP: ::1] [Session: 6a41232fe705e8760f34226ad029c236] [User ID: 8225004] SESSION CHECK - Valid session
[2025-12-07 14:28:55] [IP: ::1] [Session: 6a41232fe705e8760f34226ad029c236] [User ID: 8225004] SESSION CHECK - Valid session
[2025-12-07 14:28:55] [IP: ::1] [Session: 6a41232fe705e8760f34226ad029c236] [User ID: 8225004] SESSION CHECK - Valid session
[2025-12-07 14:32:09] [IP: ::1] [Session: 6a41232fe705e8760f34226ad029c236] [User ID: 8225004] SESSION CHECK - Valid session
[2025-12-07 14:32:09] [IP: ::1] [Session: 6a41232fe705e8760f34226ad029c236] [User ID: 8225004] SESSION CHECK - Valid session
[2025-12-07 14:37:10] [IP: ::1] [Session: 6a41232fe705e8760f34226ad029c236] [User ID: 8225004] SESSION CHECK - Valid session
[2025-12-07 14:37:33] [IP: ::1] [Session: 6a41232fe705e8760f34226ad029c236] [User ID: 8225004] SESSION CHECK - Valid session
[2025-12-07 14:37:33] [IP: ::1] [Session: 6a41232fe705e8760f34226ad029c236] [User ID: 8225004] SESSION CHECK - Valid session
[2025-12-07 14:42:34] [IP: ::1] [Session: 6a41232fe705e8760f34226ad029c236] [User ID: 8225004] SESSION CHECK - Valid session
[2025-12-07 14:43:32] [IP: ::1] [Session: 6a41232fe705e8760f34226ad029c236] [User ID: 8225004] SESSION CHECK - Valid session
[2025-12-07 14:43:32] [IP: ::1] [Session: 6a41232fe705e8760f34226ad029c236] [User ID: 8225004] SESSION CHECK - Valid session
[2025-12-07 14:47:24] [IP: ::1] [Session: 6a41232fe705e8760f34226ad029c236] [User ID: 8225004] SESSION CHECK - Valid session
[2025-12-07 14:47:24] [IP: ::1] [Session: 6a41232fe705e8760f34226ad029c236] [User ID: 8225004] SESSION CHECK - Valid session
[2025-12-07 14:49:47] [IP: ::1] [Session: 6a41232fe705e8760f34226ad029c236] [User ID: 8225004] SESSION CHECK - Valid session
[2025-12-07 14:49:47] [IP: ::1] [Session: 6a41232fe705e8760f34226ad029c236] [User ID: 8225004] SESSION CHECK - Valid session
[2025-12-07 14:54:03] [IP: ::1] [Session: 6a41232fe705e8760f34226ad029c236] [User ID: 8225004] SESSION CHECK - Valid session
[2025-12-07 14:54:03] [IP: ::1] [Session: 6a41232fe705e8760f34226ad029c236] [User ID: 8225004] SESSION CHECK - Valid session
[2025-12-07 14:59:03] [IP: ::1] [Session: 6a41232fe705e8760f34226ad029c236] [User ID: 8225004] SESSION CHECK - Valid session
[2025-12-07 15:04:03] [IP: ::1] [Session: 6a41232fe705e8760f34226ad029c236] [User ID: 8225004] SESSION CHECK - Valid session
[2025-12-07 15:09:03] [IP: ::1] [Session: 6a41232fe705e8760f34226ad029c236] [User ID: 8225004] SESSION CHECK - Valid session
[2025-12-07 15:14:03] [IP: ::1] [Session: 6a41232fe705e8760f34226ad029c236] [User ID: 8225004] SESSION CHECK - Valid session
[2025-12-07 15:17:39] [IP: ::1] [Session: 6a41232fe705e8760f34226ad029c236] [User ID: 8225004] SESSION CHECK - Valid session
[2025-12-07 15:17:39] [IP: ::1] [Session: 6a41232fe705e8760f34226ad029c236] [User ID: 8225004] SESSION CHECK - Valid session
[2025-12-07 15:22:40] [IP: ::1] [Session: 6a41232fe705e8760f34226ad029c236] [User ID: 8225004] SESSION CHECK - Valid session
[2025-12-07 15:22:55] [IP: ::1] [Session: 6a41232fe705e8760f34226ad029c236] [User ID: 8225004] SESSION CHECK - Valid session
[2025-12-07 15:22:55] [IP: ::1] [Session: 6a41232fe705e8760f34226ad029c236] [User ID: 8225004] SESSION CHECK - Valid session
[2025-12-07 15:23:03] [IP: ::1] [Session: 6a41232fe705e8760f34226ad029c236] [User ID: 8225004] SESSION CHECK - Valid session
[2025-12-07 15:23:03] [IP: ::1] [Session: 6a41232fe705e8760f34226ad029c236] [User ID: 8225004] SESSION CHECK - Valid session
[2025-12-07 15:24:16] [IP: ::1] [Session: 6a41232fe705e8760f34226ad029c236] [User ID: 8225004] SESSION CHECK - Valid session
[2025-12-07 15:24:16] [IP: ::1] [Session: 6a41232fe705e8760f34226ad029c236] [User ID: 8225004] SESSION CHECK - Valid session
[2025-12-07 15:27:04] [IP: ::1] [Session: 6a41232fe705e8760f34226ad029c236] [User ID: 8225004] SESSION CHECK - Valid session
[2025-12-07 15:27:04] [IP: ::1] [Session: 6a41232fe705e8760f34226ad029c236] [User ID: 8225004] SESSION CHECK - Valid session
[2025-12-07 15:28:14] [IP: ::1] [Session: 6a41232fe705e8760f34226ad029c236] [User ID: 8225004] SESSION CHECK - Valid session
[2025-12-07 15:28:15] [IP: ::1] [Session: 6a41232fe705e8760f34226ad029c236] [User ID: 8225004] SESSION CHECK - Valid session
[2025-12-07 15:29:11] [IP: ::1] [Session: 6a41232fe705e8760f34226ad029c236] [User ID: 8225004] SESSION CHECK - Valid session
[2025-12-07 15:29:11] [IP: ::1] [Session: 6a41232fe705e8760f34226ad029c236] [User ID: 8225004] SESSION CHECK - Valid session
[2025-12-07 15:29:41] [IP: ::1] [Session: 6a41232fe705e8760f34226ad029c236] [User ID: 8225004] SESSION CHECK - Valid session
[2025-12-07 15:29:41] [IP: ::1] [Session: 6a41232fe705e8760f34226ad029c236] [User ID: 8225004] SESSION CHECK - Valid session
[2025-12-07 15:34:42] [IP: ::1] [Session: 6a41232fe705e8760f34226ad029c236] [User ID: 8225004] SESSION CHECK - Valid session
[2025-12-07 15:39:42] [IP: ::1] [Session: 6a41232fe705e8760f34226ad029c236] [User ID: 8225004] SESSION CHECK - Valid session
[2025-12-07 15:44:42] [IP: ::1] [Session: 6a41232fe705e8760f34226ad029c236] [User ID: 8225004] SESSION CHECK - Valid session
[2025-12-07 15:49:42] [IP: ::1] [Session: 6a41232fe705e8760f34226ad029c236] [User ID: 8225004] SESSION CHECK - Valid session
[2025-12-07 15:54:43] [IP: ::1] [Session: 6a41232fe705e8760f34226ad029c236] [User ID: 8225004] SESSION CHECK - Valid session
[2025-12-07 15:54:43] [IP: ::1] [Session: 6a41232fe705e8760f34226ad029c236] [User ID: 8225004] SESSION CHECK - Valid session
[2025-12-07 15:55:22] [IP: ::1] [Session: 6a41232fe705e8760f34226ad029c236] [User ID: 8225004] SESSION CHECK - Valid session
[2025-12-07 15:55:22] [IP: ::1] [Session: 6a41232fe705e8760f34226ad029c236] [User ID: 8225004] SESSION CHECK - Valid session
[2025-12-07 16:00:23] [IP: ::1] [Session: 6a41232fe705e8760f34226ad029c236] [User ID: 8225004] SESSION CHECK - Valid session
[2025-12-07 16:00:25] [IP: ::1] [Session: 6a41232fe705e8760f34226ad029c236] [User ID: 8225004] SESSION CHECK - Valid session
[2025-12-07 16:00:25] [IP: ::1] [Session: 6a41232fe705e8760f34226ad029c236] [User ID: 8225004] SESSION CHECK - Valid session
[2025-12-07 16:02:00] [IP: ::1] [Session: 6a41232fe705e8760f34226ad029c236] [User ID: 8225004] SESSION CHECK - Valid session
[2025-12-07 16:02:00] [IP: ::1] [Session: 6a41232fe705e8760f34226ad029c236] [User ID: 8225004] SESSION CHECK - Valid session
[2025-12-07 16:04:17] [IP: ::1] [Session: 6a41232fe705e8760f34226ad029c236] [User ID: 8225004] SESSION CHECK - Valid session
[2025-12-07 16:04:17] [IP: ::1] [Session: 6a41232fe705e8760f34226ad029c236] [User ID: 8225004] SESSION CHECK - Valid session
[2025-12-07 16:05:30] [IP: ::1] [Session: 6a41232fe705e8760f34226ad029c236] [User ID: 8225004] SESSION CHECK - Valid session
[2025-12-07 16:05:30] [IP: ::1] [Session: 6a41232fe705e8760f34226ad029c236] [User ID: 8225004] SESSION CHECK - Valid session
[2025-12-07 16:06:49] [IP: ::1] [Session: 6a41232fe705e8760f34226ad029c236] [User ID: 8225004] SESSION CHECK - Valid session
[2025-12-07 16:06:49] [IP: ::1] [Session: 6a41232fe705e8760f34226ad029c236] [User ID: 8225004] SESSION CHECK - Valid session
[2025-12-07 16:07:21] [IP: ::1] [Session: 6a41232fe705e8760f34226ad029c236] [User ID: 8225004] SESSION CHECK - Valid session
[2025-12-07 16:07:21] [IP: ::1] [Session: 6a41232fe705e8760f34226ad029c236] [User ID: 8225004] SESSION CHECK - Valid session
[2025-12-07 16:10:59] [IP: ::1] [Session: 6a41232fe705e8760f34226ad029c236] [User ID: 8225004] SESSION CHECK - Valid session
[2025-12-07 16:10:59] [IP: ::1] [Session: 6a41232fe705e8760f34226ad029c236] [User ID: 8225004] SESSION CHECK - Valid session
[2025-12-07 16:14:26] [IP: ::1] [Session: 6a41232fe705e8760f34226ad029c236] [User ID: 8225004] SESSION CHECK - Valid session
[2025-12-07 16:14:26] [IP: ::1] [Session: 6a41232fe705e8760f34226ad029c236] [User ID: 8225004] SESSION CHECK - Valid session
[2025-12-07 16:19:16] [IP: ::1] [Session: 6a41232fe705e8760f34226ad029c236] [User ID: 8225004] SESSION CHECK - Valid session
[2025-12-07 16:19:16] [IP: ::1] [Session: 6a41232fe705e8760f34226ad029c236] [User ID: 8225004] SESSION CHECK - Valid session
[2025-12-07 16:23:54] [IP: ::1] [Session: 6a41232fe705e8760f34226ad029c236] [User ID: 8225004] SESSION CHECK - Valid session
[2025-12-07 16:23:54] [IP: ::1] [Session: 6a41232fe705e8760f34226ad029c236] [User ID: 8225004] SESSION CHECK - Valid session
[2025-12-07 16:24:38] [IP: ::1] [Session: 4604abb47f52925a584b09def7e8edc5] [User ID: 3824544] SESSION CHECK - Valid session
[2025-12-07 16:28:54] [IP: ::1] [Session: 4604abb47f52925a584b09def7e8edc5] [User ID: 3824544] SESSION CHECK - Valid session
[2025-12-07 16:30:09] [IP: ::1] [Session: 4604abb47f52925a584b09def7e8edc5] [User ID: 3824544] SESSION CHECK - Valid session
[2025-12-07 16:30:09] [IP: ::1] [Session: 4604abb47f52925a584b09def7e8edc5] [User ID: 3824544] SESSION CHECK - Valid session
[2025-12-07 16:30:51] [IP: ::1] [Session: 4604abb47f52925a584b09def7e8edc5] [User ID: 3824544] SESSION CHECK - Valid session
[2025-12-07 16:30:51] [IP: ::1] [Session: 4604abb47f52925a584b09def7e8edc5] [User ID: 3824544] SESSION CHECK - Valid session
[2025-12-07 16:33:45] [IP: ::1] [Session: 4604abb47f52925a584b09def7e8edc5] [User ID: 3824544] SESSION CHECK - Valid session
[2025-12-07 16:33:45] [IP: ::1] [Session: 4604abb47f52925a584b09def7e8edc5] [User ID: 3824544] SESSION CHECK - Valid session
[2025-12-07 16:34:06] [IP: ::1] [Session: 4604abb47f52925a584b09def7e8edc5] [User ID: 3824544] SESSION CHECK - Valid session
[2025-12-07 16:34:06] [IP: ::1] [Session: 4604abb47f52925a584b09def7e8edc5] [User ID: 3824544] SESSION CHECK - Valid session
[2025-12-07 16:34:33] [IP: ::1] [Session: 4604abb47f52925a584b09def7e8edc5] [User ID: 3824544] SESSION CHECK - Valid session
[2025-12-07 16:34:33] [IP: ::1] [Session: 4604abb47f52925a584b09def7e8edc5] [User ID: 3824544] SESSION CHECK - Valid session
[2025-12-07 16:34:48] [IP: ::1] [Session: 4604abb47f52925a584b09def7e8edc5] [User ID: 3824544] SESSION CHECK - Valid session
[2025-12-07 16:34:48] [IP: ::1] [Session: 4604abb47f52925a584b09def7e8edc5] [User ID: 3824544] SESSION CHECK - Valid session
[2025-12-07 16:34:51] [IP: ::1] [Session: 4604abb47f52925a584b09def7e8edc5] [User ID: 3824544] SESSION CHECK - Valid session
[2025-12-07 16:34:51] [IP: ::1] [Session: 4604abb47f52925a584b09def7e8edc5] [User ID: 3824544] SESSION CHECK - Valid session
[2025-12-07 16:37:19] [IP: ::1] [Session: 4604abb47f52925a584b09def7e8edc5] [User ID: 3824544] SESSION CHECK - Valid session
[2025-12-07 16:37:19] [IP: ::1] [Session: 4604abb47f52925a584b09def7e8edc5] [User ID: 3824544] SESSION CHECK - Valid session
[2025-12-07 16:42:19] [IP: ::1] [Session: 4604abb47f52925a584b09def7e8edc5] [User ID: 3824544] SESSION CHECK - Valid session
[2025-12-07 16:47:19] [IP: ::1] [Session: 4604abb47f52925a584b09def7e8edc5] [User ID: 3824544] SESSION CHECK - Valid session
[2025-12-07 16:48:17] [IP: ::1] [Session: 4604abb47f52925a584b09def7e8edc5] [User ID: 3824544] SESSION CHECK - Valid session
[2025-12-07 16:48:17] [IP: ::1] [Session: 4604abb47f52925a584b09def7e8edc5] [User ID: 3824544] SESSION CHECK - Valid session
[2025-12-07 16:50:26] [IP: ::1] [Session: 4604abb47f52925a584b09def7e8edc5] [User ID: 3824544] SESSION CHECK - Valid session
[2025-12-07 16:50:26] [IP: ::1] [Session: 4604abb47f52925a584b09def7e8edc5] [User ID: 3824544] SESSION CHECK - Valid session
[2025-12-07 16:55:26] [IP: ::1] [Session: 4604abb47f52925a584b09def7e8edc5] [User ID: 3824544] SESSION CHECK - Valid session
[2025-12-07 16:57:20] [IP: ::1] [Session: 4604abb47f52925a584b09def7e8edc5] [User ID: 3824544] SESSION CHECK - Valid session
[2025-12-07 16:57:20] [IP: ::1] [Session: 4604abb47f52925a584b09def7e8edc5] [User ID: 3824544] SESSION CHECK - Valid session
[2025-12-07 16:59:12] [IP: ::1] [Session: 4604abb47f52925a584b09def7e8edc5] [User ID: 3824544] SESSION CHECK - Valid session
[2025-12-07 16:59:12] [IP: ::1] [Session: 4604abb47f52925a584b09def7e8edc5] [User ID: 3824544] SESSION CHECK - Valid session
[2025-12-08 10:41:52] [IP: ::1] [Session: f51bdcd32f11d0b29ded24e4d6c55785] SESSION CHECK - No active session
[2025-12-08 10:41:53] [IP: ::1] [Session: bc1962ed549073bca1f06815d6777e0b] SESSION CHECK - No active session
[2025-12-08 10:42:08] [IP: ::1] [Session: 270689a9a614b5455d7ddbd9909aad0f] [User ID: 3824544] SESSION CHECK - Valid session
[2025-12-08 10:46:52] [IP: ::1] [Session: 270689a9a614b5455d7ddbd9909aad0f] [User ID: 3824544] SESSION CHECK - Valid session
[2025-12-08 10:51:52] [IP: ::1] [Session: 270689a9a614b5455d7ddbd9909aad0f] [User ID: 3824544] SESSION CHECK - Valid session
[2025-12-08 10:56:52] [IP: ::1] [Session: 270689a9a614b5455d7ddbd9909aad0f] [User ID: 3824544] SESSION CHECK - Valid session
[2025-12-08 11:01:52] [IP: ::1] [Session: 270689a9a614b5455d7ddbd9909aad0f] [User ID: 3824544] SESSION CHECK - Valid session
[2025-12-08 11:06:52] [IP: ::1] [Session: 270689a9a614b5455d7ddbd9909aad0f] [User ID: 3824544] SESSION CHECK - Valid session
[2025-12-08 11:11:46] [IP: ::1] [Session: 270689a9a614b5455d7ddbd9909aad0f] [User ID: 3824544] SESSION CHECK - Valid session
[2025-12-08 11:11:46] [IP: ::1] [Session: 270689a9a614b5455d7ddbd9909aad0f] [User ID: 3824544] SESSION CHECK - Valid session
[2025-12-08 11:12:24] [IP: ::1] [Session: 270689a9a614b5455d7ddbd9909aad0f] [User ID: 3824544] SESSION CHECK - Valid session
[2025-12-08 11:12:24] [IP: ::1] [Session: 270689a9a614b5455d7ddbd9909aad0f] [User ID: 3824544] SESSION CHECK - Valid session
[2025-12-08 11:15:50] [IP: ::1] [Session: 270689a9a614b5455d7ddbd9909aad0f] [User ID: 3824544] SESSION CHECK - Valid session
[2025-12-08 11:15:50] [IP: ::1] [Session: 270689a9a614b5455d7ddbd9909aad0f] [User ID: 3824544] SESSION CHECK - Valid session
[2025-12-08 11:20:50] [IP: ::1] [Session: 270689a9a614b5455d7ddbd9909aad0f] [User ID: 3824544] SESSION CHECK - Valid session
[2025-12-08 11:21:24] [IP: ::1] [Session: 270689a9a614b5455d7ddbd9909aad0f] [User ID: 3824544] SESSION CHECK - Valid session
[2025-12-08 11:21:24] [IP: ::1] [Session: 270689a9a614b5455d7ddbd9909aad0f] [User ID: 3824544] SESSION CHECK - Valid session
[2025-12-08 11:22:29] [IP: ::1] [Session: 270689a9a614b5455d7ddbd9909aad0f] [User ID: 3824544] SESSION CHECK - Valid session
[2025-12-08 11:22:29] [IP: ::1] [Session: 270689a9a614b5455d7ddbd9909aad0f] [User ID: 3824544] SESSION CHECK - Valid session
[2025-12-08 11:24:42] [IP: ::1] [Session: 270689a9a614b5455d7ddbd9909aad0f] [User ID: 3824544] SESSION CHECK - Valid session
[2025-12-08 11:24:42] [IP: ::1] [Session: 270689a9a614b5455d7ddbd9909aad0f] [User ID: 3824544] SESSION CHECK - Valid session
[2025-12-08 11:24:47] [IP: ::1] [Session: 270689a9a614b5455d7ddbd9909aad0f] [User ID: 3824544] SESSION CHECK - Valid session
[2025-12-08 11:24:47] [IP: ::1] [Session: 270689a9a614b5455d7ddbd9909aad0f] [User ID: 3824544] SESSION CHECK - Valid session
[2025-12-08 11:25:32] [IP: ::1] [Session: 270689a9a614b5455d7ddbd9909aad0f] [User ID: 3824544] SESSION CHECK - Valid session
[2025-12-08 11:25:32] [IP: ::1] [Session: 270689a9a614b5455d7ddbd9909aad0f] [User ID: 3824544] SESSION CHECK - Valid session
[2025-12-08 11:25:37] [IP: ::1] [Session: 270689a9a614b5455d7ddbd9909aad0f] [User ID: 3824544] SESSION CHECK - Valid session
[2025-12-08 11:25:37] [IP: ::1] [Session: 270689a9a614b5455d7ddbd9909aad0f] [User ID: 3824544] SESSION CHECK - Valid session
[2025-12-08 11:25:38] [IP: ::1] [Session: 270689a9a614b5455d7ddbd9909aad0f] [User ID: 3824544] SESSION CHECK - Valid session
[2025-12-08 11:25:38] [IP: ::1] [Session: 270689a9a614b5455d7ddbd9909aad0f] [User ID: 3824544] SESSION CHECK - Valid session
[2025-12-08 11:25:49] [IP: ::1] [Session: 270689a9a614b5455d7ddbd9909aad0f] [User ID: 3824544] SESSION CHECK - Valid session
[2025-12-08 11:25:49] [IP: ::1] [Session: 270689a9a614b5455d7ddbd9909aad0f] [User ID: 3824544] SESSION CHECK - Valid session
[2025-12-08 11:26:45] [IP: ::1] [Session: 270689a9a614b5455d7ddbd9909aad0f] [User ID: 3824544] SESSION CHECK - Valid session
[2025-12-08 11:26:45] [IP: ::1] [Session: 270689a9a614b5455d7ddbd9909aad0f] [User ID: 3824544] SESSION CHECK - Valid session
[2025-12-08 11:27:57] [IP: ::1] [Session: 270689a9a614b5455d7ddbd9909aad0f] [User ID: 3824544] SESSION CHECK - Valid session
[2025-12-08 11:27:57] [IP: ::1] [Session: 270689a9a614b5455d7ddbd9909aad0f] [User ID: 3824544] SESSION CHECK - Valid session
[2025-12-08 11:32:57] [IP: ::1] [Session: 270689a9a614b5455d7ddbd9909aad0f] [User ID: 3824544] SESSION CHECK - Valid session
[2025-12-08 11:37:57] [IP: ::1] [Session: 270689a9a614b5455d7ddbd9909aad0f] [User ID: 3824544] SESSION CHECK - Valid session
[2025-12-08 11:42:10] [IP: ::1] [Session: 270689a9a614b5455d7ddbd9909aad0f] [User ID: 3824544] SESSION CHECK - Valid session
[2025-12-08 11:42:10] [IP: ::1] [Session: 270689a9a614b5455d7ddbd9909aad0f] [User ID: 3824544] SESSION CHECK - Valid session
[2025-12-08 11:42:48] [IP: ::1] [Session: 270689a9a614b5455d7ddbd9909aad0f] [User ID: 3824544] SESSION CHECK - Valid session
[2025-12-08 11:42:48] [IP: ::1] [Session: 270689a9a614b5455d7ddbd9909aad0f] [User ID: 3824544] SESSION CHECK - Valid session
[2025-12-08 11:47:49] [IP: ::1] [Session: 270689a9a614b5455d7ddbd9909aad0f] [User ID: 3824544] SESSION CHECK - Valid session
[2025-12-08 12:26:21] [IP: ::1] [Session: 270689a9a614b5455d7ddbd9909aad0f] [User ID: 3824544] SESSION CHECK - Valid session
[2025-12-08 12:53:37] [IP: ::1] [Session: 270689a9a614b5455d7ddbd9909aad0f] [User ID: 3824544] SESSION CHECK - Valid session
[2025-12-08 12:53:37] [IP: ::1] [Session: 270689a9a614b5455d7ddbd9909aad0f] [User ID: 3824544] SESSION CHECK - Valid session
[2025-12-08 12:58:37] [IP: ::1] [Session: 270689a9a614b5455d7ddbd9909aad0f] [User ID: 3824544] SESSION CHECK - Valid session
[2025-12-08 13:03:14] [IP: ::1] [Session: 270689a9a614b5455d7ddbd9909aad0f] [User ID: 3824544] SESSION CHECK - Valid session
[2025-12-08 13:03:14] [IP: ::1] [Session: 270689a9a614b5455d7ddbd9909aad0f] [User ID: 3824544] SESSION CHECK - Valid session
[2025-12-08 13:08:15] [IP: ::1] [Session: 270689a9a614b5455d7ddbd9909aad0f] [User ID: 3824544] SESSION CHECK - Valid session
[2025-12-08 13:09:27] [IP: ::1] [Session: 270689a9a614b5455d7ddbd9909aad0f] [User ID: 3824544] SESSION CHECK - Valid session
[2025-12-08 13:09:27] [IP: ::1] [Session: 270689a9a614b5455d7ddbd9909aad0f] [User ID: 3824544] SESSION CHECK - Valid session
[2025-12-08 13:11:53] [IP: ::1] [Session: 270689a9a614b5455d7ddbd9909aad0f] [User ID: 3824544] SESSION CHECK - Valid session
[2025-12-08 13:11:53] [IP: ::1] [Session: 270689a9a614b5455d7ddbd9909aad0f] [User ID: 3824544] SESSION CHECK - Valid session
[2025-12-08 13:12:23] [IP: ::1] [Session: 270689a9a614b5455d7ddbd9909aad0f] [User ID: 3824544] SESSION CHECK - Valid session
[2025-12-08 13:12:23] [IP: ::1] [Session: 270689a9a614b5455d7ddbd9909aad0f] [User ID: 3824544] SESSION CHECK - Valid session
[2025-12-08 13:17:24] [IP: ::1] [Session: 270689a9a614b5455d7ddbd9909aad0f] [User ID: 3824544] SESSION CHECK - Valid session
[2025-12-08 13:22:24] [IP: ::1] [Session: 270689a9a614b5455d7ddbd9909aad0f] [User ID: 3824544] SESSION CHECK - Valid session
[2025-12-08 13:27:23] [IP: ::1] [Session: 270689a9a614b5455d7ddbd9909aad0f] [User ID: 3824544] SESSION CHECK - Valid session
[2025-12-08 13:32:23] [IP: ::1] [Session: 270689a9a614b5455d7ddbd9909aad0f] [User ID: 3824544] SESSION CHECK - Valid session
[2025-12-08 13:36:31] [IP: ::1] [Session: 270689a9a614b5455d7ddbd9909aad0f] [User ID: 3824544] SESSION CHECK - Valid session
[2025-12-08 13:36:32] [IP: ::1] [Session: 270689a9a614b5455d7ddbd9909aad0f] [User ID: 3824544] SESSION CHECK - Valid session
[2025-12-08 13:41:31] [IP: ::1] [Session: 270689a9a614b5455d7ddbd9909aad0f] [User ID: 3824544] SESSION CHECK - Valid session
[2025-12-08 13:46:32] [IP: ::1] [Session: 270689a9a614b5455d7ddbd9909aad0f] [User ID: 3824544] SESSION CHECK - Valid session
[2025-12-08 13:51:32] [IP: ::1] [Session: 270689a9a614b5455d7ddbd9909aad0f] [User ID: 3824544] SESSION CHECK - Valid session
[2025-12-08 13:56:31] [IP: ::1] [Session: 270689a9a614b5455d7ddbd9909aad0f] [User ID: 3824544] SESSION CHECK - Valid session
[2025-12-08 14:01:31] [IP: ::1] [Session: 270689a9a614b5455d7ddbd9909aad0f] [User ID: 3824544] SESSION CHECK - Valid session
[2025-12-08 14:06:31] [IP: ::1] [Session: 270689a9a614b5455d7ddbd9909aad0f] [User ID: 3824544] SESSION CHECK - Valid session
[2025-12-08 14:11:32] [IP: ::1] [Session: 270689a9a614b5455d7ddbd9909aad0f] [User ID: 3824544] SESSION CHECK - Valid session
[2025-12-08 14:12:20] [IP: ::1] [Session: 270689a9a614b5455d7ddbd9909aad0f] [User ID: 3824544] SESSION CHECK - Valid session
[2025-12-08 14:12:20] [IP: ::1] [Session: 270689a9a614b5455d7ddbd9909aad0f] [User ID: 3824544] SESSION CHECK - Valid session
[2025-12-08 14:17:20] [IP: ::1] [Session: 270689a9a614b5455d7ddbd9909aad0f] [User ID: 3824544] SESSION CHECK - Valid session
[2025-12-08 14:22:20] [IP: ::1] [Session: 270689a9a614b5455d7ddbd9909aad0f] [User ID: 3824544] SESSION CHECK - Valid session
[2025-12-08 14:27:14] [IP: ::1] [Session: 270689a9a614b5455d7ddbd9909aad0f] [User ID: 3824544] SESSION CHECK - Valid session
[2025-12-08 14:27:14] [IP: ::1] [Session: 270689a9a614b5455d7ddbd9909aad0f] [User ID: 3824544] SESSION CHECK - Valid session
[2025-12-08 14:29:03] [IP: ::1] [Session: f8b0bc8d4a9c551f776d6e424c4a184a] [User ID: 8225004] SESSION CHECK - Valid session
[2025-12-08 14:29:51] [IP: ::1] [Session: 5188ff1ccc3d062ea93475b64aefee6c] [User ID: 3824544] SESSION CHECK - Valid session
[2025-12-08 14:30:10] [IP: ::1] [Session: 5188ff1ccc3d062ea93475b64aefee6c] [User ID: 3824544] SESSION CHECK - Valid session
[2025-12-08 14:30:10] [IP: ::1] [Session: 5188ff1ccc3d062ea93475b64aefee6c] [User ID: 3824544] SESSION CHECK - Valid session
[2025-12-08 14:35:11] [IP: ::1] [Session: 5188ff1ccc3d062ea93475b64aefee6c] [User ID: 3824544] SESSION CHECK - Valid session
[2025-12-08 14:35:39] [IP: ::1] [Session: 5188ff1ccc3d062ea93475b64aefee6c] [User ID: 3824544] SESSION CHECK - Valid session
[2025-12-08 14:35:39] [IP: ::1] [Session: 5188ff1ccc3d062ea93475b64aefee6c] [User ID: 3824544] SESSION CHECK - Valid session
[2025-12-08 14:35:59] [IP: ::1] [Session: 5188ff1ccc3d062ea93475b64aefee6c] [User ID: 3824544] SESSION CHECK - Valid session
[2025-12-08 14:35:59] [IP: ::1] [Session: 5188ff1ccc3d062ea93475b64aefee6c] [User ID: 3824544] SESSION CHECK - Valid session
[2025-12-08 14:37:54] [IP: ::1] [Session: 642ae00978f416e419cb1e7700abfa4a] [User ID: 8225004] SESSION CHECK - Valid session
[2025-12-08 14:41:00] [IP: ::1] [Session: 642ae00978f416e419cb1e7700abfa4a] [User ID: 8225004] SESSION CHECK - Valid session
[2025-12-08 14:44:58] [IP: ::1] [Session: 895d227d041cc5ccb444a089fb62e777] [User ID: 3824544] SESSION CHECK - Valid session
[2025-12-08 14:45:59] [IP: ::1] [Session: 895d227d041cc5ccb444a089fb62e777] [User ID: 3824544] SESSION CHECK - Valid session
[2025-12-08 14:46:49] [IP: ::1] [Session: f0dfdc4d00669d9e8c750ad70fa0e455] [User ID: 8225004] SESSION CHECK - Valid session
[2025-12-08 14:51:00] [IP: ::1] [Session: f0dfdc4d00669d9e8c750ad70fa0e455] [User ID: 8225004] SESSION CHECK - Valid session
[2025-12-08 14:55:59] [IP: ::1] [Session: f0dfdc4d00669d9e8c750ad70fa0e455] [User ID: 8225004] SESSION CHECK - Valid session
[2025-12-08 15:00:59] [IP: ::1] [Session: f0dfdc4d00669d9e8c750ad70fa0e455] [User ID: 8225004] SESSION CHECK - Valid session
[2025-12-08 15:45:27] [IP: ::1] [Session: f0dfdc4d00669d9e8c750ad70fa0e455] [User ID: 8225004] SESSION CHECK - Valid session
[2025-12-08 15:45:33] [IP: ::1] [Session: f0dfdc4d00669d9e8c750ad70fa0e455] [User ID: 8225004] SESSION CHECK - Valid session
[2025-12-08 15:45:33] [IP: ::1] [Session: f0dfdc4d00669d9e8c750ad70fa0e455] [User ID: 8225004] SESSION CHECK - Valid session
[2025-12-08 15:50:33] [IP: ::1] [Session: f0dfdc4d00669d9e8c750ad70fa0e455] [User ID: 8225004] SESSION CHECK - Valid session
[2025-12-08 15:55:33] [IP: ::1] [Session: f0dfdc4d00669d9e8c750ad70fa0e455] [User ID: 8225004] SESSION CHECK - Valid session
[2025-12-08 16:00:33] [IP: ::1] [Session: f0dfdc4d00669d9e8c750ad70fa0e455] [User ID: 8225004] SESSION CHECK - Valid session
[2025-12-08 16:01:24] [IP: ::1] [Session: b1813fb06505a4a500fe363d98ea299f] [User ID: 3824544] SESSION CHECK - Valid session
[2025-12-08 16:02:04] [IP: ::1] [Session: b1813fb06505a4a500fe363d98ea299f] [User ID: 3824544] SESSION CHECK - Valid session
[2025-12-08 16:02:04] [IP: ::1] [Session: b1813fb06505a4a500fe363d98ea299f] [User ID: 3824544] SESSION CHECK - Valid session
[2025-12-08 16:07:05] [IP: ::1] [Session: b1813fb06505a4a500fe363d98ea299f] [User ID: 3824544] SESSION CHECK - Valid session
[2025-12-08 16:12:05] [IP: ::1] [Session: b1813fb06505a4a500fe363d98ea299f] [User ID: 3824544] SESSION CHECK - Valid session
[2025-12-08 16:13:24] [IP: ::1] [Session: b1813fb06505a4a500fe363d98ea299f] [User ID: 3824544] SESSION CHECK - Valid session
[2025-12-08 16:13:24] [IP: ::1] [Session: b1813fb06505a4a500fe363d98ea299f] [User ID: 3824544] SESSION CHECK - Valid session
[2025-12-08 16:13:49] [IP: ::1] [Session: b1813fb06505a4a500fe363d98ea299f] [User ID: 3824544] SESSION CHECK - Valid session
[2025-12-08 16:13:50] [IP: ::1] [Session: b1813fb06505a4a500fe363d98ea299f] [User ID: 3824544] SESSION CHECK - Valid session
[2025-12-08 16:14:10] [IP: ::1] [Session: b1813fb06505a4a500fe363d98ea299f] [User ID: 3824544] SESSION CHECK - Valid session
[2025-12-08 16:14:10] [IP: ::1] [Session: b1813fb06505a4a500fe363d98ea299f] [User ID: 3824544] SESSION CHECK - Valid session
[2025-12-08 16:16:14] [IP: ::1] [Session: b1813fb06505a4a500fe363d98ea299f] [User ID: 3824544] SESSION CHECK - Valid session
[2025-12-08 16:16:14] [IP: ::1] [Session: b1813fb06505a4a500fe363d98ea299f] [User ID: 3824544] SESSION CHECK - Valid session
[2025-12-08 16:20:37] [IP: ::1] [Session: b1813fb06505a4a500fe363d98ea299f] [User ID: 3824544] SESSION CHECK - Valid session
[2025-12-08 16:20:37] [IP: ::1] [Session: b1813fb06505a4a500fe363d98ea299f] [User ID: 3824544] SESSION CHECK - Valid session
[2025-12-08 16:24:29] [IP: ::1] [Session: b1813fb06505a4a500fe363d98ea299f] [User ID: 3824544] SESSION CHECK - Valid session
[2025-12-08 16:24:29] [IP: ::1] [Session: b1813fb06505a4a500fe363d98ea299f] [User ID: 3824544] SESSION CHECK - Valid session
[2025-12-08 16:26:05] [IP: ::1] [Session: b1813fb06505a4a500fe363d98ea299f] [User ID: 3824544] SESSION CHECK - Valid session
[2025-12-08 16:26:05] [IP: ::1] [Session: b1813fb06505a4a500fe363d98ea299f] [User ID: 3824544] SESSION CHECK - Valid session
[2025-12-08 16:26:37] [IP: ::1] [Session: b1813fb06505a4a500fe363d98ea299f] [User ID: 3824544] SESSION CHECK - Valid session
[2025-12-08 16:26:37] [IP: ::1] [Session: b1813fb06505a4a500fe363d98ea299f] [User ID: 3824544] SESSION CHECK - Valid session
[2025-12-08 16:27:26] [IP: ::1] [Session: b1813fb06505a4a500fe363d98ea299f] [User ID: 3824544] SESSION CHECK - Valid session
[2025-12-08 16:27:26] [IP: ::1] [Session: b1813fb06505a4a500fe363d98ea299f] [User ID: 3824544] SESSION CHECK - Valid session
[2025-12-08 16:32:26] [IP: ::1] [Session: b1813fb06505a4a500fe363d98ea299f] [User ID: 3824544] SESSION CHECK - Valid session
[2025-12-08 16:34:00] [IP: ::1] [Session: b1813fb06505a4a500fe363d98ea299f] [User ID: 3824544] SESSION CHECK - Valid session
[2025-12-08 16:34:00] [IP: ::1] [Session: b1813fb06505a4a500fe363d98ea299f] [User ID: 3824544] SESSION CHECK - Valid session
[2025-12-08 16:39:01] [IP: ::1] [Session: b1813fb06505a4a500fe363d98ea299f] [User ID: 3824544] SESSION CHECK - Valid session
[2025-12-09 01:52:49] [IP: ::1] [Session: a16ec3bc9586b80fa342abeb07409f6c] SESSION CHECK - No active session
[2025-12-09 01:52:50] [IP: ::1] [Session: 6e737168d8e24e5c8f4cd370a15d9771] SESSION CHECK - No active session
[2025-12-09 01:58:22] [IP: ::1] [Session: 6e737168d8e24e5c8f4cd370a15d9771] SESSION CHECK - No active session
[2025-12-09 01:58:24] [IP: ::1] [Session: 6e737168d8e24e5c8f4cd370a15d9771] SESSION CHECK - No active session
[2025-12-09 02:03:21] [IP: ::1] [Session: 6e737168d8e24e5c8f4cd370a15d9771] SESSION CHECK - No active session
[2025-12-09 02:05:59] [IP: ::1] [Session: 1f9d923693efa65bf836c575bfbba225] [User ID: 3824544] SESSION CHECK - Valid session
[2025-12-09 02:08:21] [IP: ::1] [Session: 1f9d923693efa65bf836c575bfbba225] [User ID: 3824544] SESSION CHECK - Valid session
[2025-12-09 02:13:21] [IP: ::1] [Session: 1f9d923693efa65bf836c575bfbba225] [User ID: 3824544] SESSION CHECK - Valid session
[2025-12-09 02:18:21] [IP: ::1] [Session: 1f9d923693efa65bf836c575bfbba225] [User ID: 3824544] SESSION CHECK - Valid session
[2025-12-09 02:23:21] [IP: ::1] [Session: 1f9d923693efa65bf836c575bfbba225] [User ID: 3824544] SESSION CHECK - Valid session
[2025-12-09 02:28:22] [IP: ::1] [Session: 1f9d923693efa65bf836c575bfbba225] [User ID: 3824544] SESSION CHECK - Valid session
[2025-12-09 02:57:59] [IP: ::1] [Session: 1f9d923693efa65bf836c575bfbba225] [User ID: 3824544] SESSION CHECK - Valid session
[2025-12-09 02:58:04] [IP: ::1] [Session: 1f9d923693efa65bf836c575bfbba225] [User ID: 3824544] SESSION CHECK - Valid session
[2025-12-09 02:58:04] [IP: ::1] [Session: 1f9d923693efa65bf836c575bfbba225] [User ID: 3824544] SESSION CHECK - Valid session
[2025-12-09 03:03:04] [IP: ::1] [Session: 1f9d923693efa65bf836c575bfbba225] [User ID: 3824544] SESSION CHECK - Valid session
[2025-12-09 03:08:04] [IP: ::1] [Session: 1f9d923693efa65bf836c575bfbba225] [User ID: 3824544] SESSION CHECK - Valid session
[2025-12-09 03:13:04] [IP: ::1] [Session: 1f9d923693efa65bf836c575bfbba225] [User ID: 3824544] SESSION CHECK - Valid session
[2025-12-09 03:18:04] [IP: ::1] [Session: 1f9d923693efa65bf836c575bfbba225] [User ID: 3824544] SESSION CHECK - Valid session
[2025-12-09 03:23:04] [IP: ::1] [Session: 1f9d923693efa65bf836c575bfbba225] [User ID: 3824544] SESSION CHECK - Valid session
[2025-12-09 03:28:04] [IP: ::1] [Session: 1f9d923693efa65bf836c575bfbba225] [User ID: 3824544] SESSION CHECK - Valid session
[2025-12-09 03:33:38] [IP: ::1] [Session: 1f9d923693efa65bf836c575bfbba225] [User ID: 3824544] SESSION CHECK - Valid session
[2025-12-09 03:38:04] [IP: ::1] [Session: 3eee26bf5db7cbcef0a834a31976f2bb] SESSION CHECK - No active session
[2025-12-09 03:38:29] [IP: ::1] [Session: 02fe0222c058900b700922ef689dc1fe] [User ID: 8225004] SESSION CHECK - Valid session
[2025-12-09 03:43:04] [IP: ::1] [Session: 0793e4868bf3605952985455759b683a] SESSION CHECK - No active session
[2025-12-09 03:43:49] [IP: ::1] [Session: 8cb84273627ec9ff9b6a13fdaebfacc3] [User ID: 3824544] SESSION CHECK - Valid session
[2025-12-09 03:46:46] [IP: ::1] [Session: 8cb84273627ec9ff9b6a13fdaebfacc3] [User ID: 3824544] SESSION CHECK - Valid session
[2025-12-09 03:46:46] [IP: ::1] [Session: 8cb84273627ec9ff9b6a13fdaebfacc3] [User ID: 3824544] SESSION CHECK - Valid session
[2025-12-09 03:51:46] [IP: ::1] [Session: 8cb84273627ec9ff9b6a13fdaebfacc3] [User ID: 3824544] SESSION CHECK - Valid session
[2025-12-09 03:56:46] [IP: ::1] [Session: 8cb84273627ec9ff9b6a13fdaebfacc3] [User ID: 3824544] SESSION CHECK - Valid session
[2025-12-09 04:00:26] [IP: ::1] [Session: 8cb84273627ec9ff9b6a13fdaebfacc3] [User ID: 3824544] SESSION CHECK - Valid session
[2025-12-09 04:00:26] [IP: ::1] [Session: 8cb84273627ec9ff9b6a13fdaebfacc3] [User ID: 3824544] SESSION CHECK - Valid session
[2025-12-09 04:01:34] [IP: ::1] [Session: 8cb84273627ec9ff9b6a13fdaebfacc3] [User ID: 3824544] SESSION CHECK - Valid session
[2025-12-09 04:01:34] [IP: ::1] [Session: 8cb84273627ec9ff9b6a13fdaebfacc3] [User ID: 3824544] SESSION CHECK - Valid session
[2025-12-09 04:05:24] [IP: ::1] [Session: 8cb84273627ec9ff9b6a13fdaebfacc3] [User ID: 3824544] SESSION CHECK - Valid session
[2025-12-09 04:05:24] [IP: ::1] [Session: 8cb84273627ec9ff9b6a13fdaebfacc3] [User ID: 3824544] SESSION CHECK - Valid session
[2025-12-09 04:10:22] [IP: ::1] [Session: 8cb84273627ec9ff9b6a13fdaebfacc3] [User ID: 3824544] SESSION CHECK - Valid session
[2025-12-09 04:15:22] [IP: ::1] [Session: 8cb84273627ec9ff9b6a13fdaebfacc3] [User ID: 3824544] SESSION CHECK - Valid session
[2025-12-09 04:20:22] [IP: ::1] [Session: 8cb84273627ec9ff9b6a13fdaebfacc3] [User ID: 3824544] SESSION CHECK - Valid session
[2025-12-09 04:25:22] [IP: ::1] [Session: 8cb84273627ec9ff9b6a13fdaebfacc3] [User ID: 3824544] SESSION CHECK - Valid session
[2025-12-09 04:30:22] [IP: ::1] [Session: 8cb84273627ec9ff9b6a13fdaebfacc3] [User ID: 3824544] SESSION CHECK - Valid session
[2025-12-09 04:35:22] [IP: ::1] [Session: 8cb84273627ec9ff9b6a13fdaebfacc3] [User ID: 3824544] SESSION CHECK - Valid session
[2025-12-09 04:40:37] [IP: ::1] [Session: 8cb84273627ec9ff9b6a13fdaebfacc3] [User ID: 3824544] SESSION CHECK - Valid session
[2025-12-09 04:45:23] [IP: ::1] [Session: 8cb84273627ec9ff9b6a13fdaebfacc3] [User ID: 3824544] SESSION CHECK - Valid session
[2025-12-09 04:45:23] [IP: ::1] [Session: 8cb84273627ec9ff9b6a13fdaebfacc3] [User ID: 3824544] SESSION CHECK - Valid session
[2025-12-09 04:45:30] [IP: ::1] [Session: 8cb84273627ec9ff9b6a13fdaebfacc3] [User ID: 3824544] SESSION CHECK - Valid session
[2025-12-09 04:45:31] [IP: ::1] [Session: 8cb84273627ec9ff9b6a13fdaebfacc3] [User ID: 3824544] SESSION CHECK - Valid session
[2025-12-09 04:47:21] [IP: ::1] [Session: 8cb84273627ec9ff9b6a13fdaebfacc3] [User ID: 3824544] SESSION CHECK - Valid session
[2025-12-09 04:47:21] [IP: ::1] [Session: 8cb84273627ec9ff9b6a13fdaebfacc3] [User ID: 3824544] SESSION CHECK - Valid session
[2025-12-09 04:48:31] [IP: ::1] [Session: 8cb84273627ec9ff9b6a13fdaebfacc3] [User ID: 3824544] SESSION CHECK - Valid session
[2025-12-09 04:48:31] [IP: ::1] [Session: 8cb84273627ec9ff9b6a13fdaebfacc3] [User ID: 3824544] SESSION CHECK - Valid session
[2025-12-09 04:50:37] [IP: ::1] [Session: 8cb84273627ec9ff9b6a13fdaebfacc3] [User ID: 3824544] SESSION CHECK - Valid session
[2025-12-09 04:50:37] [IP: ::1] [Session: 8cb84273627ec9ff9b6a13fdaebfacc3] [User ID: 3824544] SESSION CHECK - Valid session
[2025-12-09 04:54:32] [IP: ::1] [Session: 8cb84273627ec9ff9b6a13fdaebfacc3] [User ID: 3824544] SESSION CHECK - Valid session
[2025-12-09 04:54:32] [IP: ::1] [Session: 8cb84273627ec9ff9b6a13fdaebfacc3] [User ID: 3824544] SESSION CHECK - Valid session
[2025-12-09 04:55:46] [IP: ::1] [Session: 8cb84273627ec9ff9b6a13fdaebfacc3] [User ID: 3824544] SESSION CHECK - Valid session
[2025-12-09 04:55:46] [IP: ::1] [Session: 8cb84273627ec9ff9b6a13fdaebfacc3] [User ID: 3824544] SESSION CHECK - Valid session
[2025-12-09 05:00:47] [IP: ::1] [Session: 8cb84273627ec9ff9b6a13fdaebfacc3] [User ID: 3824544] SESSION CHECK - Valid session
[2025-12-09 05:04:15] [IP: ::1] [Session: 8cb84273627ec9ff9b6a13fdaebfacc3] [User ID: 3824544] SESSION CHECK - Valid session
[2025-12-09 05:04:16] [IP: ::1] [Session: 8cb84273627ec9ff9b6a13fdaebfacc3] [User ID: 3824544] SESSION CHECK - Valid session
[2025-12-09 05:05:37] [IP: ::1] [Session: 8cb84273627ec9ff9b6a13fdaebfacc3] [User ID: 3824544] SESSION CHECK - Valid session
[2025-12-09 05:05:37] [IP: ::1] [Session: 8cb84273627ec9ff9b6a13fdaebfacc3] [User ID: 3824544] SESSION CHECK - Valid session
[2025-12-09 05:06:45] [IP: ::1] [Session: 9dde512b25a9784aa2cbd18370dac064] [User ID: 2555632] SESSION CHECK - Valid session
[2025-12-09 05:07:24] [IP: ::1] [Session: 79a5e632bfaf46794696bd2123f878b8] [User ID: 3824544] SESSION CHECK - Valid session
[2025-12-09 05:08:04] [IP: ::1] [Session: 79a5e632bfaf46794696bd2123f878b8] [User ID: 3824544] SESSION CHECK - Valid session
[2025-12-09 05:08:04] [IP: ::1] [Session: 79a5e632bfaf46794696bd2123f878b8] [User ID: 3824544] SESSION CHECK - Valid session
[2025-12-09 05:09:20] [IP: ::1] [Session: 17effd145c19f1758a8ab769f3720d9c] [User ID: 2555632] SESSION CHECK - Valid session
[2025-12-09 05:09:52] [IP: ::1] [Session: db47f415eb50d3f44bc5d561d3a160db] [User ID: 3824544] SESSION CHECK - Valid session
[2025-12-09 05:12:30] [IP: ::1] [Session: db47f415eb50d3f44bc5d561d3a160db] [User ID: 3824544] SESSION CHECK - Valid session
[2025-12-09 05:12:30] [IP: ::1] [Session: db47f415eb50d3f44bc5d561d3a160db] [User ID: 3824544] SESSION CHECK - Valid session
[2025-12-09 05:13:53] [IP: ::1] [Session: db47f415eb50d3f44bc5d561d3a160db] [User ID: 3824544] SESSION CHECK - Valid session
[2025-12-09 05:13:53] [IP: ::1] [Session: db47f415eb50d3f44bc5d561d3a160db] [User ID: 3824544] SESSION CHECK - Valid session
[2025-12-09 05:15:40] [IP: ::1] [Session: db47f415eb50d3f44bc5d561d3a160db] [User ID: 3824544] SESSION CHECK - Valid session
[2025-12-09 05:15:40] [IP: ::1] [Session: db47f415eb50d3f44bc5d561d3a160db] [User ID: 3824544] SESSION CHECK - Valid session
[2025-12-09 05:16:16] [IP: ::1] [Session: db47f415eb50d3f44bc5d561d3a160db] [User ID: 3824544] SESSION CHECK - Valid session
[2025-12-09 05:16:17] [IP: ::1] [Session: db47f415eb50d3f44bc5d561d3a160db] [User ID: 3824544] SESSION CHECK - Valid session
[2025-12-09 05:21:16] [IP: ::1] [Session: db47f415eb50d3f44bc5d561d3a160db] [User ID: 3824544] SESSION CHECK - Valid session
[2025-12-09 05:26:17] [IP: ::1] [Session: db47f415eb50d3f44bc5d561d3a160db] [User ID: 3824544] SESSION CHECK - Valid session
[2025-12-09 05:31:17] [IP: ::1] [Session: db47f415eb50d3f44bc5d561d3a160db] [User ID: 3824544] SESSION CHECK - Valid session
[2025-12-09 05:36:11] [IP: ::1] [Session: db47f415eb50d3f44bc5d561d3a160db] [User ID: 3824544] SESSION CHECK - Valid session
[2025-12-09 05:36:11] [IP: ::1] [Session: db47f415eb50d3f44bc5d561d3a160db] [User ID: 3824544] SESSION CHECK - Valid session
[2025-12-09 06:51:41] [IP: ::1] [Session: db47f415eb50d3f44bc5d561d3a160db] [User ID: 3824544] SESSION CHECK - Valid session
[2025-12-09 06:51:42] [IP: ::1] [Session: db47f415eb50d3f44bc5d561d3a160db] [User ID: 3824544] SESSION CHECK - Valid session
[2025-12-09 06:51:43] [IP: ::1] [Session: db47f415eb50d3f44bc5d561d3a160db] [User ID: 3824544] SESSION CHECK - Valid session
[2025-12-09 06:53:01] [IP: ::1] [Session: db47f415eb50d3f44bc5d561d3a160db] [User ID: 3824544] SESSION CHECK - Valid session
[2025-12-09 06:53:02] [IP: ::1] [Session: db47f415eb50d3f44bc5d561d3a160db] [User ID: 3824544] SESSION CHECK - Valid session
[2025-12-09 07:12:31] [IP: ::1] [Session: db47f415eb50d3f44bc5d561d3a160db] [User ID: 3824544] SESSION CHECK - Valid session
[2025-12-09 07:12:32] [IP: ::1] [Session: db47f415eb50d3f44bc5d561d3a160db] [User ID: 3824544] SESSION CHECK - Valid session
[2025-12-09 07:12:32] [IP: ::1] [Session: db47f415eb50d3f44bc5d561d3a160db] [User ID: 3824544] SESSION CHECK - Valid session
[2025-12-09 08:44:08] [IP: ::1] [Session: db47f415eb50d3f44bc5d561d3a160db] [User ID: 3824544] SESSION CHECK - Valid session
[2025-12-09 08:44:09] [IP: ::1] [Session: db47f415eb50d3f44bc5d561d3a160db] [User ID: 3824544] SESSION CHECK - Valid session
[2025-12-09 08:44:09] [IP: ::1] [Session: db47f415eb50d3f44bc5d561d3a160db] [User ID: 3824544] SESSION CHECK - Valid session
[2025-12-09 08:49:09] [IP: ::1] [Session: db47f415eb50d3f44bc5d561d3a160db] [User ID: 3824544] SESSION CHECK - Valid session
[2025-12-09 08:49:13] [IP: ::1] [Session: db47f415eb50d3f44bc5d561d3a160db] [User ID: 3824544] SESSION CHECK - Valid session
[2025-12-09 08:49:13] [IP: ::1] [Session: db47f415eb50d3f44bc5d561d3a160db] [User ID: 3824544] SESSION CHECK - Valid session
[2025-12-09 08:52:09] [IP: ::1] [Session: db47f415eb50d3f44bc5d561d3a160db] [User ID: 3824544] SESSION CHECK - Valid session
[2025-12-09 08:52:09] [IP: ::1] [Session: db47f415eb50d3f44bc5d561d3a160db] [User ID: 3824544] SESSION CHECK - Valid session
[2025-12-09 08:54:35] [IP: ::1] [Session: db47f415eb50d3f44bc5d561d3a160db] [User ID: 3824544] SESSION CHECK - Valid session
[2025-12-09 08:54:35] [IP: ::1] [Session: db47f415eb50d3f44bc5d561d3a160db] [User ID: 3824544] SESSION CHECK - Valid session
[2025-12-09 08:55:25] [IP: ::1] [Session: db47f415eb50d3f44bc5d561d3a160db] [User ID: 3824544] SESSION CHECK - Valid session
[2025-12-09 08:55:25] [IP: ::1] [Session: db47f415eb50d3f44bc5d561d3a160db] [User ID: 3824544] SESSION CHECK - Valid session
[2025-12-09 09:00:25] [IP: ::1] [Session: db47f415eb50d3f44bc5d561d3a160db] [User ID: 3824544] SESSION CHECK - Valid session
[2025-12-09 09:02:21] [IP: ::1] [Session: db47f415eb50d3f44bc5d561d3a160db] [User ID: 3824544] SESSION CHECK - Valid session
[2025-12-09 09:02:22] [IP: ::1] [Session: db47f415eb50d3f44bc5d561d3a160db] [User ID: 3824544] SESSION CHECK - Valid session
[2025-12-09 09:07:22] [IP: ::1] [Session: db47f415eb50d3f44bc5d561d3a160db] [User ID: 3824544] SESSION CHECK - Valid session
[2025-12-09 09:09:22] [IP: ::1] [Session: db47f415eb50d3f44bc5d561d3a160db] [User ID: 3824544] SESSION CHECK - Valid session
[2025-12-09 09:09:22] [IP: ::1] [Session: db47f415eb50d3f44bc5d561d3a160db] [User ID: 3824544] SESSION CHECK - Valid session
[2025-12-09 09:09:35] [IP: ::1] [Session: db47f415eb50d3f44bc5d561d3a160db] [User ID: 3824544] SESSION CHECK - Valid session
[2025-12-09 09:09:36] [IP: ::1] [Session: db47f415eb50d3f44bc5d561d3a160db] [User ID: 3824544] SESSION CHECK - Valid session
[2025-12-09 09:10:47] [IP: ::1] [Session: db47f415eb50d3f44bc5d561d3a160db] [User ID: 3824544] SESSION CHECK - Valid session
[2025-12-09 09:10:47] [IP: ::1] [Session: db47f415eb50d3f44bc5d561d3a160db] [User ID: 3824544] SESSION CHECK - Valid session
[2025-12-09 09:11:29] [IP: ::1] [Session: db47f415eb50d3f44bc5d561d3a160db] [User ID: 3824544] SESSION CHECK - Valid session
[2025-12-09 09:11:29] [IP: ::1] [Session: db47f415eb50d3f44bc5d561d3a160db] [User ID: 3824544] SESSION CHECK - Valid session
[2025-12-09 09:12:05] [IP: ::1] [Session: db47f415eb50d3f44bc5d561d3a160db] [User ID: 3824544] SESSION CHECK - Valid session
[2025-12-09 09:12:05] [IP: ::1] [Session: db47f415eb50d3f44bc5d561d3a160db] [User ID: 3824544] SESSION CHECK - Valid session
[2025-12-09 09:16:44] [IP: ::1] [Session: db47f415eb50d3f44bc5d561d3a160db] [User ID: 3824544] SESSION CHECK - Valid session
[2025-12-09 09:16:44] [IP: ::1] [Session: db47f415eb50d3f44bc5d561d3a160db] [User ID: 3824544] SESSION CHECK - Valid session
[2025-12-09 09:17:14] [IP: ::1] [Session: db47f415eb50d3f44bc5d561d3a160db] [User ID: 3824544] SESSION CHECK - Valid session
[2025-12-09 09:17:14] [IP: ::1] [Session: db47f415eb50d3f44bc5d561d3a160db] [User ID: 3824544] SESSION CHECK - Valid session
[2025-12-09 09:38:01] [IP: ::1] [Session: db47f415eb50d3f44bc5d561d3a160db] [User ID: 3824544] SESSION CHECK - Valid session
[2025-12-09 09:38:04] [IP: ::1] [Session: db47f415eb50d3f44bc5d561d3a160db] [User ID: 3824544] SESSION CHECK - Valid session
[2025-12-09 09:38:04] [IP: ::1] [Session: db47f415eb50d3f44bc5d561d3a160db] [User ID: 3824544] SESSION CHECK - Valid session
[2025-12-09 09:40:58] [IP: ::1] [Session: db47f415eb50d3f44bc5d561d3a160db] [User ID: 3824544] SESSION CHECK - Valid session
[2025-12-09 09:40:58] [IP: ::1] [Session: db47f415eb50d3f44bc5d561d3a160db] [User ID: 3824544] SESSION CHECK - Valid session
[2025-12-09 09:45:58] [IP: ::1] [Session: db47f415eb50d3f44bc5d561d3a160db] [User ID: 3824544] SESSION CHECK - Valid session
[2025-12-09 09:49:02] [IP: ::1] [Session: db47f415eb50d3f44bc5d561d3a160db] [User ID: 3824544] SESSION CHECK - Valid session
[2025-12-09 09:49:02] [IP: ::1] [Session: db47f415eb50d3f44bc5d561d3a160db] [User ID: 3824544] SESSION CHECK - Valid session
[2025-12-09 09:50:50] [IP: ::1] [Session: db47f415eb50d3f44bc5d561d3a160db] [User ID: 3824544] SESSION CHECK - Valid session
[2025-12-09 09:50:51] [IP: ::1] [Session: db47f415eb50d3f44bc5d561d3a160db] [User ID: 3824544] SESSION CHECK - Valid session
[2025-12-09 09:55:51] [IP: ::1] [Session: db47f415eb50d3f44bc5d561d3a160db] [User ID: 3824544] SESSION CHECK - Valid session
[2025-12-09 10:00:51] [IP: ::1] [Session: db47f415eb50d3f44bc5d561d3a160db] [User ID: 3824544] SESSION CHECK - Valid session
[2025-12-09 10:05:51] [IP: ::1] [Session: db47f415eb50d3f44bc5d561d3a160db] [User ID: 3824544] SESSION CHECK - Valid session
[2025-12-09 10:06:58] [IP: ::1] [Session: db47f415eb50d3f44bc5d561d3a160db] [User ID: 3824544] SESSION CHECK - Valid session
[2025-12-09 10:06:58] [IP: ::1] [Session: db47f415eb50d3f44bc5d561d3a160db] [User ID: 3824544] SESSION CHECK - Valid session
[2025-12-09 10:07:20] [IP: ::1] [Session: db47f415eb50d3f44bc5d561d3a160db] [User ID: 3824544] SESSION CHECK - Valid session
[2025-12-09 10:07:20] [IP: ::1] [Session: db47f415eb50d3f44bc5d561d3a160db] [User ID: 3824544] SESSION CHECK - Valid session
[2025-12-09 10:12:20] [IP: ::1] [Session: db47f415eb50d3f44bc5d561d3a160db] [User ID: 3824544] SESSION CHECK - Valid session
[2025-12-09 10:31:24] [IP: ::1] [Session: db47f415eb50d3f44bc5d561d3a160db] [User ID: 3824544] SESSION CHECK - Valid session
[2025-12-09 10:31:26] [IP: ::1] [Session: db47f415eb50d3f44bc5d561d3a160db] [User ID: 3824544] SESSION CHECK - Valid session
[2025-12-09 10:31:26] [IP: ::1] [Session: db47f415eb50d3f44bc5d561d3a160db] [User ID: 3824544] SESSION CHECK - Valid session
[2025-12-09 10:35:50] [IP: ::1] [Session: db47f415eb50d3f44bc5d561d3a160db] [User ID: 3824544] SESSION CHECK - Valid session
[2025-12-09 10:35:50] [IP: ::1] [Session: db47f415eb50d3f44bc5d561d3a160db] [User ID: 3824544] SESSION CHECK - Valid session
[2025-12-09 10:40:50] [IP: ::1] [Session: db47f415eb50d3f44bc5d561d3a160db] [User ID: 3824544] SESSION CHECK - Valid session
[2025-12-09 10:41:26] [IP: ::1] [Session: 0d5b7f58fac3294fdd2079602df00763] [User ID: 8225004] SESSION CHECK - Valid session
[2025-12-09 10:45:50] [IP: ::1] [Session: 0d5b7f58fac3294fdd2079602df00763] [User ID: 8225004] SESSION CHECK - Valid session
[2025-12-09 10:46:23] [IP: ::1] [Session: 8d583389878a402174b000b0326c798d] [User ID: 3824544] SESSION CHECK - Valid session
[2025-12-09 10:46:45] [IP: ::1] [Session: 928929330811651683d2c981818b2e87] [User ID: 8225004] SESSION CHECK - Valid session
[2025-12-09 10:50:50] [IP: ::1] [Session: 928929330811651683d2c981818b2e87] [User ID: 8225004] SESSION CHECK - Valid session
[2025-12-09 10:52:20] [IP: ::1] [Session: 928929330811651683d2c981818b2e87] [User ID: 8225004] SESSION CHECK - Valid session
[2025-12-09 10:52:20] [IP: ::1] [Session: 928929330811651683d2c981818b2e87] [User ID: 8225004] SESSION CHECK - Valid session
[2025-12-09 10:54:47] [IP: ::1] [Session: 928929330811651683d2c981818b2e87] [User ID: 8225004] SESSION CHECK - Valid session
[2025-12-09 10:54:47] [IP: ::1] [Session: 928929330811651683d2c981818b2e87] [User ID: 8225004] SESSION CHECK - Valid session
[2025-12-09 10:55:32] [IP: ::1] [Session: 928929330811651683d2c981818b2e87] [User ID: 8225004] SESSION CHECK - Valid session
[2025-12-09 10:55:32] [IP: ::1] [Session: 928929330811651683d2c981818b2e87] [User ID: 8225004] SESSION CHECK - Valid session
[2025-12-09 10:57:15] [IP: ::1] [Session: 928929330811651683d2c981818b2e87] [User ID: 8225004] SESSION CHECK - Valid session
[2025-12-09 10:57:15] [IP: ::1] [Session: 928929330811651683d2c981818b2e87] [User ID: 8225004] SESSION CHECK - Valid session
[2025-12-09 10:59:02] [IP: ::1] [Session: 928929330811651683d2c981818b2e87] [User ID: 8225004] SESSION CHECK - Valid session
[2025-12-09 10:59:02] [IP: ::1] [Session: 928929330811651683d2c981818b2e87] [User ID: 8225004] SESSION CHECK - Valid session
[2025-12-09 11:04:02] [IP: ::1] [Session: 928929330811651683d2c981818b2e87] [User ID: 8225004] SESSION CHECK - Valid session
[2025-12-09 11:08:22] [IP: ::1] [Session: 928929330811651683d2c981818b2e87] [User ID: 8225004] SESSION CHECK - Valid session
[2025-12-09 11:08:22] [IP: ::1] [Session: 928929330811651683d2c981818b2e87] [User ID: 8225004] SESSION CHECK - Valid session
[2025-12-09 11:08:30] [IP: ::1] [Session: 928929330811651683d2c981818b2e87] [User ID: 8225004] SESSION CHECK - Valid session
[2025-12-09 11:08:30] [IP: ::1] [Session: 928929330811651683d2c981818b2e87] [User ID: 8225004] SESSION CHECK - Valid session
[2025-12-09 11:13:30] [IP: ::1] [Session: 928929330811651683d2c981818b2e87] [User ID: 8225004] SESSION CHECK - Valid session
[2025-12-09 11:16:45] [IP: ::1] [Session: 928929330811651683d2c981818b2e87] [User ID: 8225004] SESSION CHECK - Valid session
[2025-12-09 11:16:45] [IP: ::1] [Session: 928929330811651683d2c981818b2e87] [User ID: 8225004] SESSION CHECK - Valid session
[2025-12-09 11:21:45] [IP: ::1] [Session: 928929330811651683d2c981818b2e87] [User ID: 8225004] SESSION CHECK - Valid session
[2025-12-09 11:26:45] [IP: ::1] [Session: 928929330811651683d2c981818b2e87] [User ID: 8225004] SESSION CHECK - Valid session
[2025-12-09 11:31:45] [IP: ::1] [Session: 928929330811651683d2c981818b2e87] [User ID: 8225004] SESSION CHECK - Valid session
[2025-12-09 11:36:47] [IP: ::1] [Session: 928929330811651683d2c981818b2e87] [User ID: 8225004] SESSION CHECK - Valid session
[2025-12-09 11:39:19] [IP: ::1] [Session: 928929330811651683d2c981818b2e87] [User ID: 8225004] SESSION CHECK - Valid session
[2025-12-09 11:39:19] [IP: ::1] [Session: 928929330811651683d2c981818b2e87] [User ID: 8225004] SESSION CHECK - Valid session
[2025-12-09 11:41:37] [IP: ::1] [Session: 928929330811651683d2c981818b2e87] [User ID: 8225004] SESSION CHECK - Valid session
[2025-12-09 11:41:37] [IP: ::1] [Session: 928929330811651683d2c981818b2e87] [User ID: 8225004] SESSION CHECK - Valid session
[2025-12-09 11:41:47] [IP: ::1] [Session: 928929330811651683d2c981818b2e87] [User ID: 8225004] SESSION CHECK - Valid session
[2025-12-09 11:41:47] [IP: ::1] [Session: 928929330811651683d2c981818b2e87] [User ID: 8225004] SESSION CHECK - Valid session
[2025-12-09 11:46:47] [IP: ::1] [Session: 928929330811651683d2c981818b2e87] [User ID: 8225004] SESSION CHECK - Valid session
[2025-12-09 11:49:13] [IP: ::1] [Session: 928929330811651683d2c981818b2e87] [User ID: 8225004] SESSION CHECK - Valid session
[2025-12-09 11:49:13] [IP: ::1] [Session: 928929330811651683d2c981818b2e87] [User ID: 8225004] SESSION CHECK - Valid session
[2025-12-09 11:54:13] [IP: ::1] [Session: 928929330811651683d2c981818b2e87] [User ID: 8225004] SESSION CHECK - Valid session
[2025-12-09 11:56:57] [IP: ::1] [Session: 928929330811651683d2c981818b2e87] [User ID: 8225004] SESSION CHECK - Valid session
[2025-12-09 11:56:57] [IP: ::1] [Session: 928929330811651683d2c981818b2e87] [User ID: 8225004] SESSION CHECK - Valid session
[2025-12-09 12:01:58] [IP: ::1] [Session: 928929330811651683d2c981818b2e87] [User ID: 8225004] SESSION CHECK - Valid session
[2025-12-09 12:03:05] [IP: ::1] [Session: 928929330811651683d2c981818b2e87] [User ID: 8225004] SESSION CHECK - Valid session
[2025-12-09 12:03:05] [IP: ::1] [Session: 928929330811651683d2c981818b2e87] [User ID: 8225004] SESSION CHECK - Valid session
[2025-12-09 12:03:29] [IP: ::1] [Session: 928929330811651683d2c981818b2e87] [User ID: 8225004] SESSION CHECK - Valid session
[2025-12-09 12:03:29] [IP: ::1] [Session: 928929330811651683d2c981818b2e87] [User ID: 8225004] SESSION CHECK - Valid session
[2025-12-09 12:03:40] [IP: ::1] [Session: 928929330811651683d2c981818b2e87] [User ID: 8225004] SESSION CHECK - Valid session
[2025-12-09 12:03:40] [IP: ::1] [Session: 928929330811651683d2c981818b2e87] [User ID: 8225004] SESSION CHECK - Valid session
[2025-12-09 12:04:17] [IP: ::1] [Session: 928929330811651683d2c981818b2e87] [User ID: 8225004] SESSION CHECK - Valid session
[2025-12-09 12:04:17] [IP: ::1] [Session: 928929330811651683d2c981818b2e87] [User ID: 8225004] SESSION CHECK - Valid session
[2025-12-09 12:05:58] [IP: ::1] [Session: 928929330811651683d2c981818b2e87] [User ID: 8225004] SESSION CHECK - Valid session
[2025-12-09 12:05:58] [IP: ::1] [Session: 928929330811651683d2c981818b2e87] [User ID: 8225004] SESSION CHECK - Valid session
[2025-12-09 12:10:24] [IP: ::1] [Session: 928929330811651683d2c981818b2e87] [User ID: 8225004] SESSION CHECK - Valid session
[2025-12-09 12:10:24] [IP: ::1] [Session: 928929330811651683d2c981818b2e87] [User ID: 8225004] SESSION CHECK - Valid session
[2025-12-09 12:15:24] [IP: ::1] [Session: 928929330811651683d2c981818b2e87] [User ID: 8225004] SESSION CHECK - Valid session
[2025-12-09 12:20:25] [IP: ::1] [Session: 928929330811651683d2c981818b2e87] [User ID: 8225004] SESSION CHECK - Valid session
[2025-12-09 12:21:47] [IP: ::1] [Session: 67651206ae3bca8d0b29fc034bd36b23] [User ID: 3824544] SESSION CHECK - Valid session
[2025-12-09 12:22:14] [IP: ::1] [Session: 67651206ae3bca8d0b29fc034bd36b23] [User ID: 3824544] SESSION CHECK - Valid session
[2025-12-09 12:22:14] [IP: ::1] [Session: 67651206ae3bca8d0b29fc034bd36b23] [User ID: 3824544] SESSION CHECK - Valid session
[2025-12-09 12:22:20] [IP: ::1] [Session: 67651206ae3bca8d0b29fc034bd36b23] [User ID: 3824544] SESSION CHECK - Valid session
[2025-12-09 12:22:20] [IP: ::1] [Session: 67651206ae3bca8d0b29fc034bd36b23] [User ID: 3824544] SESSION CHECK - Valid session
[2025-12-09 12:27:20] [IP: ::1] [Session: 67651206ae3bca8d0b29fc034bd36b23] [User ID: 3824544] SESSION CHECK - Valid session
[2025-12-09 12:27:31] [IP: ::1] [Session: 67651206ae3bca8d0b29fc034bd36b23] [User ID: 3824544] SESSION CHECK - Valid session
[2025-12-09 12:27:31] [IP: ::1] [Session: 67651206ae3bca8d0b29fc034bd36b23] [User ID: 3824544] SESSION CHECK - Valid session
[2025-12-09 12:29:53] [IP: ::1] [Session: 67651206ae3bca8d0b29fc034bd36b23] [User ID: 3824544] SESSION CHECK - Valid session
[2025-12-09 12:29:53] [IP: ::1] [Session: 67651206ae3bca8d0b29fc034bd36b23] [User ID: 3824544] SESSION CHECK - Valid session
[2025-12-09 12:30:36] [IP: ::1] [Session: 67651206ae3bca8d0b29fc034bd36b23] [User ID: 3824544] SESSION CHECK - Valid session
[2025-12-09 12:30:36] [IP: ::1] [Session: 67651206ae3bca8d0b29fc034bd36b23] [User ID: 3824544] SESSION CHECK - Valid session
[2025-12-09 12:34:43] [IP: ::1] [Session: 67651206ae3bca8d0b29fc034bd36b23] [User ID: 3824544] SESSION CHECK - Valid session
[2025-12-09 12:34:43] [IP: ::1] [Session: 67651206ae3bca8d0b29fc034bd36b23] [User ID: 3824544] SESSION CHECK - Valid session
[2025-12-09 12:35:22] [IP: ::1] [Session: 67651206ae3bca8d0b29fc034bd36b23] [User ID: 3824544] SESSION CHECK - Valid session
[2025-12-09 12:35:22] [IP: ::1] [Session: 67651206ae3bca8d0b29fc034bd36b23] [User ID: 3824544] SESSION CHECK - Valid session
[2025-12-09 12:35:46] [IP: ::1] [Session: bbbc886f7e21555827739022c51cf787] [User ID: 8225004] SESSION CHECK - Valid session
[2025-12-09 13:08:02] [IP: ::1] [Session: bbbc886f7e21555827739022c51cf787] [User ID: 8225004] SESSION CHECK - Valid session
[2025-12-09 13:08:04] [IP: ::1] [Session: bbbc886f7e21555827739022c51cf787] [User ID: 8225004] SESSION CHECK - Valid session
[2025-12-09 13:08:04] [IP: ::1] [Session: bbbc886f7e21555827739022c51cf787] [User ID: 8225004] SESSION CHECK - Valid session
[2025-12-09 13:32:00] [IP: ::1] [Session: bbbc886f7e21555827739022c51cf787] [User ID: 8225004] SESSION CHECK - Valid session
[2025-12-09 13:32:02] [IP: ::1] [Session: bbbc886f7e21555827739022c51cf787] [User ID: 8225004] SESSION CHECK - Valid session
[2025-12-09 13:32:02] [IP: ::1] [Session: bbbc886f7e21555827739022c51cf787] [User ID: 8225004] SESSION CHECK - Valid session
[2025-12-09 13:37:03] [IP: ::1] [Session: bbbc886f7e21555827739022c51cf787] [User ID: 8225004] SESSION CHECK - Valid session
[2025-12-09 13:42:03] [IP: ::1] [Session: bbbc886f7e21555827739022c51cf787] [User ID: 8225004] SESSION CHECK - Valid session
[2025-12-09 13:47:03] [IP: ::1] [Session: bbbc886f7e21555827739022c51cf787] [User ID: 8225004] SESSION CHECK - Valid session
[2025-12-09 13:52:03] [IP: ::1] [Session: bbbc886f7e21555827739022c51cf787] [User ID: 8225004] SESSION CHECK - Valid session
[2025-12-09 13:57:03] [IP: ::1] [Session: bbbc886f7e21555827739022c51cf787] [User ID: 8225004] SESSION CHECK - Valid session
[2025-12-09 14:02:03] [IP: ::1] [Session: bbbc886f7e21555827739022c51cf787] [User ID: 8225004] SESSION CHECK - Valid session
